121266001,众筹,0
120886001,公益,0
98,包装,0
120950002,天猫点券,0
50802001,数字阅读,0
120894001,淘女郎,0
50023722,隐形眼镜/护理液,0
50026555,购物提货券,0
50026523,休闲娱乐,0
50008075,餐饮美食卡券,0
50019095,消费卡,0
50014927,教育培训,0
26,汽车/用品/配件/改装,0
50020808,家居饰品,0
50020857,特色手工艺,0
50025707,度假线路/签证送关/旅游服务,0
50024099,电子元器件市场,0
30,男装,0
50008164,住宅家具,0
50020611,商业/办公家具,0
50010788,彩妆/香水/美妆工具,0
1801,美容护肤/美体/精油,0
50023282,美发护发/假发,0
1512,手机,0
14,数码相机/单反相机/摄像机,0
1201,MP3/MP4/iPod/录音笔,0
1101,笔记本电脑,0
50019780,平板电脑/MID,0
50018222,DIY电脑,0
11,电脑硬件/显示器/电脑周边,0
50018264,网络设备/网络相关,0
50008090,3C数码配件,0
50012164,闪存卡/U盘/存储/移动硬盘,0
50007218,办公设备/耗材/相关服务,0
50018004,电子词典/电纸书/文化用品,0
20,电玩/配件/游戏/攻略,0
50022703,大家电,0
50011972,影音电器,0
50012100,生活电器,0
50012082,厨房电器,0
50002768,个人护理/保健/按摩器材,0
27,家装主材,0
124912001,合约机,0
50020332,基础建材,0
50020485,五金/工具,0
50026535,医疗及健康服务,0
50020579,电子/电工,0
50050471,婚庆/摄影/摄像服务,0
50011949,特价酒店/特色客栈/公寓旅馆,0
21,居家日用,0
50016349,厨房/烹饪用具,0
50016348,家庭/个人清洁工具,0
50008163,床上用品,0
35,奶粉/辅食/营养品/零食,0
50014812,尿片/洗护/喂哺/推车床,0
50022517,孕妇装/孕产妇用品/营养,0
50008165,童装/婴儿装/亲子装,0
50020275,传统滋补营养品,0
50002766,零食/坚果/特产,0
50016422,粮油米面/南北干货/调味品,0
121380001,国内机票/国际机票/增值服务,0
121536003,数字娱乐,0
121536007,全球购代购市场,0
40,腾讯QQ专区,0
50010728,运动/瑜伽/健身/球迷用品,0
50013886,户外/登山/野营/旅行用品,0
50011699,运动服/休闲服装,0
25,玩具/童车/益智/积木/模型,0
50011665,网游装备/游戏币/帐号/代练,0
50008907,手机号码/套餐/增值业务,0
99,网络游戏点卡,0
23,古董/邮币/字画/收藏,0
50007216,鲜花速递/花卉仿真/绿植园艺,0
50004958,移动/联通/电信充值中心,0
50011740,流行男鞋,0
16,女装/女士精品,0
50006843,女鞋,0
50006842,箱包皮具/热销女包/男包,0
1625,女士内衣/男士内衣/家居服,0
50010404,服饰配件/皮带/帽子/围巾,0
50011397,珠宝/钻石/翡翠/黄金,0
28,ZIPPO/瑞士军刀/眼镜,0
33,书籍/杂志/报纸,0
34,音乐/影视/明星/音像,0
50017300,乐器/吉他/钢琴/配件,0
29,宠物/宠物食品及用品,0
2813,成人用品/情趣用品,0
50012029,运动鞋new,0
50013864,饰品/流行首饰/时尚饰品新,0
50014811,网店/网络服务/软件,0
50023724,其他,0
50017652,TP服务商大类,0
50023575,房产/租房/新房/二手房/委托服务,0
50023717,OTC药品/医疗器械/计生用品,0
50023878,自用闲置转让,0
50024186,保险,0
50024612,阿里健康送药服务,0
50024971,新车/二手车,0
50025004,个性定制/设计服务/DIY,0
50025110,电影/演出/体育赛事,0
50025618,理财,0
50025705,洗护清洁剂/卫生巾/纸/香薰,0
50025968,司法拍卖拍品专用,0
50026316,咖啡/麦片/冲饮,0
50023804,装修设计/施工/监理,0
50026800,保健食品/膳食营养补充食品,0
50050359,水产肉类/新鲜蔬果/熟食,0
50074001,摩托车/装备/配件,0
50158001,网络店铺代金/优惠券,0
50230002,服务商品,0
50454031,景点门票/演艺演出/周边游,0
50468001,手表,0
50510002,运动包/户外包/配件,0
50008141,酒类,0
50734010,资产,0
50025111,本地化生活服务,0
121938001,淘点点预定点菜,0
121940001,淘点点现金券,0
122650005,童鞋/婴儿鞋/亲子鞋,0
122684003,自行车/骑行装备/零配件,0
122718004,家庭保健,0
122852001,居家布艺,0
122950001,节庆用品/礼品,0
122952001,餐饮具,0
122928002,收纳整理,0
122966004,处方药,0
123536002,阿里通信专属类目,0
123500005,资产（政府类专用）,0
123690003,精制中药材,0
124024001,农业生产资料（农村淘宝专用）,0
124044001,品牌台机/品牌一体机/服务器,0
124050001,全屋定制,0
124242008,智能设备,0
124354002,电动车/配件/交通工具,0
124466001,农用物资,0
124468001,农机/农具/农膜,0
124470001,畜牧/养殖物资,0
124470006,整车(经销商),0
124484008,模玩/动漫/周边/cos/桌游,0
124458005,茶,0
124568010,室内设计师,0
124750013,俪人购(俪人购专用),0
124698018,装修服务,0
124844002,拍卖会专用,0
124868003,盒马,0
124852003,二手数码,0
125102006,到家业务,0
125406001,享淘卡,0
126040001,橙运,0
126252002,门店O2O,0
126488005,天猫零售O2O,0
126488008,阿里健康B2B平台,0
126602002,生活娱乐充值,0
126700003,家装灯饰光源,0
126762001,美容美体仪器,0
127076003,平台充值活动(仅内部店铺),0
127492006,标准件/零部件/工业耗材,0
127484003,润滑/胶粘/试剂/实验室耗材,0
127508003,机械设备,0
127458007,搬运/仓储/物流设备,0
127442006,纺织面料/辅料/配套,0
127450004,金属材料及制品,0
127452002,橡塑材料及制品,0
127588002,阿里云云市场,0
127878006,新制造,0
127882008,菜鸟驿站生活店,0
127924022,零售通,0
120860012,义卖,120886001
122012002,捐赠,120886001
120860012,义卖,120886001
122012002,捐赠,120886001
121138001,物流包装,98
125024005,礼品包装,98
125046004,塑料包装袋,98
125266007,食品包装,98
125250009,日用品包装,98
127844002,金属包装,98
127834005,布类包装,98
127852004,木制包装,98
127808006,纸类包装,98
127832005,陶瓷包装,98
127834006,防锈包装,98
127848005,托盘/底座,98
120990001,品牌卡,120950002
120992001,类目卡,120950002
120994001,店铺卡,120950002
120964002,通用卡,120950002
50826002,电子书/出版物,50802001
50686002,网店模特,120894001
50023751,隐形眼镜,50023722
50023752,护理液,50023722
50023753,彩色隐形眼镜,50023722
50026903,隐形眼镜伴侣,50023722
50050546,购物券/礼品卡,50026555
50019058,食品提货券,50026555
50019055,面包/月饼/蛋糕,50026555
50852002,美食代金券,50026555
50026008,酒吧/俱乐部/私人会所,50026523
50019100,足浴/洗浴/按摩,50026523
50019080,美容美发/美体美甲,50026523
50026044,户外休闲玩乐,50026523
50019079,运动健身,50026523
50025982,室内休闲玩乐,50026523
50026568,其他休闲娱乐,50026523
50348001,茶馆/棋牌/咖啡馆,50026523
122596004,KTV,50026523
50015759,中餐/地方菜系,50008075
50026022,日韩料理/亚洲美食,50008075
50015758,西餐,50008075
50015757,自助餐,50008075
50019073,甜品/冰淇淋/咖啡/冷饮,50008075
50025996,快餐/小吃/西式快餐,50008075
50019072,其他美食折扣券,50008075
50026554,火锅/干锅/豆捞,50008075
50026002,烧烤/烧肉/烤鱼,50008075
50015762,茶楼/茶馆,50008075
50019096,超市/便民店卡,50019095
50019097,商场/百货购物卡,50019095
50019098,综合通用卡,50019095
125014002,购物消费卡,50019095
125920002,APP STORE充值卡,50019095
127248001,付费会员,50019095
50019103,学习卡,50014927
50026627,教学服务,50014927
50050439,小二专用（勿发）,50014927
121534004,淘宝大学,50014927
124710006,语言培训,50014927
124726006,中小幼培训,50014927
124728003,学历/职业资格考试,50014927
124728004,技能培训,50014927
124720004,生活兴趣培训,50014927
124880005,智能教育,50014927
125598002,免费公开课,50014927
125688020,知识达人,50014927
126234001,阿里体育,50014927
50014480,汽车用品/内饰品,26
50014481,汽车外饰品/加装装潢/防护,26
50018708,汽车零配件,26
50014482,汽车影音/车用电子/电器,26
50018720,汽车GPS导航仪及配件,26
50014479,汽车美容/保养/维修,26
50018772,车用清洗用品/清洗工具,26
2618,出租/培训/代驾/其他,26
50023950,实体服务,26
124880002,汽车改装,26
125226005,阿里车码头汽车服务,26
50020835,摆件,50020808
122632007,装饰画,50020808
50020841,照片/照片墙,50020808
50000561,相框/画框,50020808
50020840,贴饰,50020808
50024938,花瓶/花器/仿真花/仿真饰品,50020808
50020836,装饰器皿,50020808
50001290,壁饰,50020808
50020842,装饰架/装饰搁板,50020808
50020845,装饰挂钩,50020808
50020843,装饰挂牌,50020808
50020834,雕刻工艺,50020808
50020848,蜡烛/烛台,50020808
50020850,家居钟饰/闹钟,50020808
50020854,香薰炉,50020808
50020851,工艺伞,50020808
50010356,工艺船,50020808
50022440,工艺扇,50020808
50020846,风铃及配件,50020808
50020856,创意饰品,50020808
50022568,其他工艺饰品,50020808
124842004,家饰软装搭配套装,50020808
122242007,地区民间特色手工艺,50020857
50021046,海外工艺品,50020857
50021048,宗教工艺品,50020857
50021045,少数民族特色工艺品,50020857
50025555,其他特色工艺品,50020857
50012849,旅游签证/入台证,50025707
50012910,旅游优惠券/会员卡,50025707
50019242,邮轮/游船,50025707
50024207,旅游服务,50025707
50262002,自由行/跟团游,50025707
121458052,境外电话卡/流量包/wifi租赁,50025707
124698005,港澳送关服务,50025707
124814001,用车/地面公共交通,50025707
124830001,目的地达人/蜻蜓客,50025707
124968001,旅游购物/纪念品/旅行用品,50025707
125058001,目的地玩乐,50025707
50462016,国外票务(景点/赛事/演出),50025707
126248004,旅游定制,50025707
127296015,交通动态宝贝,50025707
50018869,集成电路（IC）,50024099
50008179,线材/线类,50024099
50002922,手机信号放大器,50024099
50002918,无源元件,50024099
50018870,分立器件,50024099
50024138,计算机/服务器及零部件,50024099
124816005,电机/马达,50024099
124798007,电路板,50024099
125192002,光电器件,50024099
125170003,LED,50024099
125188004,多媒体与显示器件,50024099
125120002,电路保护,50024099
125124004,开关/按钮,50024099
125118004,物联网,50024099
125160006,电声器材,50024099
125144005,冷却和热管理,50024099
125142004,开源硬件/电子DIY/创客,50024099
125148003,微处理器/微控制器/单片机,50024099
125188005,电子胶/密封胶/硅胶/粘合剂,50024099
126472003,开发板/开发套件,50024099
126474002,通信/网络/接口/功能模块,50024099
126486001,实验器材/测试器材/开发工具,50024099
126462002,晶振与频率元件,50024099
126410003,磁,50024099
126488001,电源及电源管理,50024099
50018820,连接器,50024099
50011153,背心/马甲,30
50000436,T恤,30
50010402,Polo衫,30
50011123,衬衫,30
50000557,针织衫/毛衣,30
50010167,牛仔裤,30
3035,休闲裤,30
50025885,棉裤,30
50025884,羽绒裤,30
50011127,皮裤,30
50010158,夹克,30
50010159,卫衣,30
50011159,风衣,30
50025883,毛呢大衣,30
50011165,棉衣,30
50011161,皮衣,30
50011167,羽绒服,30
50010160,西服,30
50011129,西裤,30
50011130,西服套装,30
50001748,民族服装,30
124730001,套装,30
50001705,柜类,50008164
50015200,床类,50008164
50021837,床垫类,50008164
50020006,沙发类,50008164
50015455,坐具类,50008164
50015816,几类,50008164
50008280,桌类,50008164
50008274,架类,50008164
50020618,箱类,50008164
50020617,镜子类,50008164
50020614,根雕类,50008164
50015915,屏风/花窗,50008164
50015886,案/台类,50008164
50015230,户外/庭院家具,50008164
50015568,家具辅料,50008164
50015771,成套家具,50008164
50022373,情趣家具,50008164
120840001,O2O专用（天猫专用）,50008164
121384016,设计师家具（NEW）,50008164
50015518,货架/展柜,50020611
211503,办公家具,50020611
50020612,超市家具,50020611
50020671,城市家具,50020611
50015541,酒店家具,50020611
50020672,餐饮/烘焙家具,50020611
50020673,服装店家具,50020611
50020674,娱乐/酒吧/KTV家具,50020611
50020675,桑拿/足浴/健身家具,50020611
50020677,发廊/美容家具,50020611
50020679,校园教学家具,50020611
50020680,医疗家具,50020611
50020681,殡葬业家具,50020611
120836002,O2O专用（天猫专用）,50020611
50001423,其它,50020611
127296016,网咖家具,50020611
50010815,香水,50010788
50013794,BB霜,50010788
50010803,遮瑕,50010788
50010789,粉底液/膏,50010788
50010790,粉饼,50010788
50010792,蜜粉/散粉,50010788
50010798,眉笔/眉粉/眉膏,50010788
50010797,眼线,50010788
50010796,眼影,50010788
50010794,睫毛膏/睫毛增长液,50010788
50010805,腮红/胭脂,50010788
50010801,唇笔/唇线笔,50010788
50010807,唇彩/唇蜜,50010788
50010808,唇膏/口红,50010788
50010813,身体彩绘,50010788
50010814,其它彩妆,50010788
121382014,高光,50010788
121388007,阴影,50010788
121426007,隔离/妆前,50010788
121460005,美甲工具,50010788
121398006,指甲油/美甲产品（新）,50010788
121388008,彩妆盘,50010788
121452004,彩妆套装,50010788
121398020,男士彩妆（新）,50010788
121386023,假睫毛,50010788
122438001,其他美容工具,50010788
125172008,旅行装/体验装,50010788
125458001,CC霜,50010788
50011990,卸妆,1801
50011977,洁面,1801
50011978,化妆水/爽肤水,1801
50011979,面部精华,1801
50011980,乳液/面霜,1801
50011982,防晒,1801
50011992,精油芳疗,1801
50011996,面部按摩霜,1801
50011997,面部磨砂/去角质,1801
50011993,面部护理套装,1801
50011991,其他保养,1801
121408009,T区护理（新）,1801
121366011,胸部护理（新）,1801
121368010,男士护理（新）,1801
121390006,面膜（新）,1801
121390007,手部保养（新）,1801
121466009,身体护理（新）,1801
121448009,唇部护理（新）,1801
121454013,眼部护理（新）,1801
122430002,足部护理,1801
125178006,旅行装/体验装,1801
50023283,假发,50023282
50023293,头发造型,50023282
50023294,染发烫发,50023282
122438002,假发配件,50023282
121396029,洗发水,50023282
121476023,洗护套装,50023282
127668025,男士个人护理,50023282
127692023,护发,50023282
1403,普通数码相机,14
50003773,专业数码单反,14
1402,数码摄像机,14
140116,单反镜头,14
50021422,单电微单,14
50003770,胶卷相机,14
50003793,LOMO,14
1403,普通数码相机,14
50003773,专业数码单反,14
1402,数码摄像机,14
140116,单反镜头,14
50021422,单电微单,14
50003770,胶卷相机,14
50003793,LOMO,14
110308,DIY兼容机,50018222
124046001,DIY一体机,50018222
124048001,DIY笔记本,50018222
50012320,无线鼠标,11
50012307,有线鼠标,11
110210,键盘,11
110203,CPU,11
110202,内存,11
110207,机械硬盘,11
50013151,固态硬盘,11
110201,主板,11
110206,显卡,11
50003848,电源,11
110211,机箱,11
110215,散热器/风扇,11
110205,声卡,11
50003321,电脑周边,11
50002415,键鼠套装,11
110511,手写输入/绘图板,11
124226006,电脑视听配件,11
124252004,虚拟现实设备,11
124254004,智能电脑硬件,11
124246007,硬件套装,11
125088001,显示器&支架,11
200670001,键帽,11
110209,网卡,50018264
50016214,网关,50018264
50016213,宽带猫/光猫,50018264
110805,交换机,50018264
50016189,光纤设备,50018264
50016195,网络存储设备,50018264
50016203,电脑/网络工具,50018264
50019309,无线网络,50018264
50019318,网络设备,50018264
50019341,网络安全,50018264
50019361,机房布线,50018264
50019494,视频监控,50018264
50019510,语音视频,50018264
110809,其它网络相关,50018264
50019812,路由器/猫/网卡配件,50018264
50020174,数码线材,50018264
50118013,无线高清,50018264
124238002,路由器,50018264
124212008,无线上网设备与终端,50018264
124242005,智能控制终端,50018264
127374002,区块链技术产品,50018264
50024094,手机配件,50008090
50024095,笔记本电脑配件,50008090
50024096,数码相机配件,50008090
50024097,单反/单电相机配件,50008090
50024098,平板电脑配件,50008090
50005051,MP3/MP4配件,50008090
50020180,电子书配件,50008090
50024104,电教产品配件,50008090
50024103,摄像机配件,50008090
50011826,家电影音周边配件,50008090
50018909,USB电脑周边,50008090
50024101,数码包/收纳/整理,50008090
50008681,其它配件,50008090
111703,3G无线上网卡设备,50008090
50009211,移动电源,50008090
50008482,数码相框,50008090
50003312,干电池/充电电池/套装,50008090
50024109,数码周边,50008090
50050622,胶片相机配件,50008090
123538002,车载手机配件,50008090
50012165,普通U盘,50012164
50012166,闪存卡,50012164
50012167,记忆棒,50012164
110507,移动硬盘,50012164
200668001,手机U盘,50012164
50012601,打印机配件,50007218
111219,投影机,50007218
50021132,绳索/扎带/办公线材,50007218
110501,扫描仪,50007218
211710,碎纸机,50007218
111201,复合复印机,50007218
50010757,其它办公设备,50007218
50001718,保险箱,50007218
50008551,传真/通信设备,50007218
50008352,投影机配件,50007218
50012600,办公设备配件及相关服务,50007218
111409,其它耗材,50007218
140117,胶卷,50007218
50019240,墨水,50007218
50019250,办公用纸,50007218
50021133,胶带,50007218
50024248,墨粉硒鼓耗材类,50007218
50024253,磁盘刻录存储类,50007218
50024258,多功能一体机及配件,50007218
50024300,条码扫描/采集器材,50007218
50024346,点/验钞/收款机及配件,50007218
50024369,包装设备/标牌及耗材,50007218
50024389,服务类,50007218
50024394,门禁考勤器材,50007218
50024400,其它办公设备配件,50007218
124222019,保管箱,50007218
125210001,打印机（新）,50007218
50018948,其它,50007218
127686023,3D打印机及配件,50007218
127680035,会议音频视频,50007218
127692027,智慧零售设备,50007218
50022538,点读机,50018004
50022537,点读笔,50018004
50010731,电子阅览器/电纸书,50018004
50012716,笔类/书写工具,50018004
50012676,纸张本册,50018004
50005757,日常学习用品,50018004
50005730,胶粘用品,50018004
50005736,装订用品,50018004
50005747,裁剪用品,50018004
211708,计算器,50018004
50016353,印刷制品,50018004
50012645,收纳/陈列用品,50018004
50005752,教学演示/展示告示用品,50018004
50005756,绘图测量用品,50018004
50013477,财会用品,50018004
211707,其它文化用品,50018004
50024641,画具/画材/书法用品,50018004
121410018,学习机/教育伴学机,50018004
121410019,电子辞典,50018004
124214004,翻译笔,50018004
200658002,学习手写板,50018004
50017905,游戏掌机,20
50017906,家用游戏机,20
50012068,游戏手柄,20
50012834,游戏软件,20
50012079,方向盘,20
50012080,摇杆,20
50012160,PSP专用配件,20
50012161,WII/WIIU专用配件,20
50012162,PS主机专用配件,20
50012163,DS/3DS专用配件,20
50018082,XBOX专用配件,20
50018224,世嘉 DC/MD/SS/SEGA 专用配件,20
50018225,任天堂NGC/FC/N64/SFC 专用配件,20
50018230,任天堂掌机配件,20
50025710,PSV专用配件,20
50018079,其他配件,20
126518004,游戏软件平台,20
50003881,冰箱,50022703
50015558,冷柜/便携冷热箱,50022703
50013474,热水器,50022703
50015563,酒柜,50022703
350301,洗衣机,50022703
350401,空调,50022703
50022734,大家电配件,50022703
50019790,平板电视,50022703
121986001,烘干机,50022703
122014001,厨房大电,50022703
125610001,激光电视,50022703
126042001,中央空调,50022703
126664001,洗烘套装,50022703
127466003,中央新风机,50022703
127492005,家用空调,50022703
127640001,衣物护理机,50022703
127628006,商用冷链,50022703
127926010,商用电视,50022703
1205,耳机/耳麦,50011972
50012142,Hifi音箱/功放/器材,50011972
50020192,舞台设备,50011972
50005174,网络高清播放器,50011972
50005009,影碟机/DVD/蓝光/VCD/高清,50011972
50003318,麦克风/话筒,50011972
50012067,随身听/便携视听/收音,50011972
50012148,工程解决方案,50011972
50012149,扩音器/录像机,50011972
50012934,拉杆广场音箱/户外音响,50011972
50011866,影音家电配件,50011972
121388020,收音头,50011972
121472013,CD播放机,50011972
121416010,卡座,50011972
121472014,黑胶唱片机,50011972
121988001,回音壁音响,50011972
50001810,电脑多媒体音箱,50011972
50001813,家庭影院,50011972
50022735,家庭影院配件,50011972
124208014,桌面音响/音箱,50011972
50008741,其它影音产品,50011972
50011827,数字电视机顶盒,50011972
50023280,MP3/MP4耳机,50011972
50005266,手机耳机,50011972
50005050,蓝牙耳机,50011972
50024944,耳机(麦),50011972
125520003,O2O特权订金（天猫专用）,50011972
126468002,外置声卡,50011972
126438002,广告机,50011972
126412033,智能音箱,50011972
350402,空气净化/氧吧,50012100
350407,加湿器,50012100
50017072,抽湿器/除湿器,50012100
350404,暖风机/取暖器,50012100
50000360,电热毯,50012100
50017589,空调扇,50012100
50008557,电风扇,50012100
50018327,吊扇,50012100
50013195,挂烫机,50012100
50012101,干衣机,50012100
50008552,电熨斗,50012100
50008553,蒸汽刷/干洗刷,50012100
350310,毛球修剪器,50012100
50008554,吸尘器,50012100
50008555,扫地机器人,50012100
50022648,蒸汽拖把,50012100
50008563,对讲机,50012100
50008542,电话机(有绳/无绳/网络),50012100
50008544,其它生活家电,50012100
50012135,生活家电配件,50012100
121474016,超声波清洗机,50012100
121468015,蒸汽清洁机,50012100
121434057,干鞋器,50012100
121422058,擦鞋器,50012100
122088002,擦窗机器人,50012100
124252007,除螨仪,50012100
125152016,服务机器人,50012100
125170007,空气净化机器人,50012100
127354001,洗地机,50012100
127442005,家用新风机,50012100
50002894,电烤箱,50012082
50002809,微波炉,50012082
50015397,电陶炉,50012082
350502,电磁炉,50012082
50002893,饮水机,50012082
350504,净水器,50012082
50008556,豆浆机,50012082
50012097,搅拌/料理机,50012082
50018218,榨汁机,50012082
50000013,多士炉,50012082
50018103,面包机,50012082
350507,咖啡机,50012082
50003695,电热水壶,50012082
50002535,酸奶机,50012082
50002898,煮蛋器/蒸蛋器,50012082
50004363,电饼铛/可丽饼机,50012082
50013007,电热杯,50012082
50013021,商用厨电,50012082
350709,定时器/提醒器,50012082
50008543,其它厨房家电,50012082
50012099,厨房家电配件,50012082
50562004,净水设备,50012082
50004399,电动打蛋器,50012082
50004204,冰淇淋机,50012082
50003987,电炸锅,50012082
50008369,电热饭盒,50012082
50005929,保健/养生/煎药壶,50012082
124212007,原汁机,50012082
125206001,智能厨房电器,50012082
50006844,面条机,50012082
50002896,食物垃圾处理机,50012082
50013010,电蒸锅,50012082
50013008,电饭煲,50012082
50013009,电压力锅,50012082
50012960,电热/火锅,50012082
50013011,电炖/煮粥锅/文火炉,50012082
127458001,厨师机,50012082
50008330,电茶炉/煮茶器,50012082
50013035,果蔬消毒清洗机,50012082
50013039,绞肉/碎肉机,50012082
127684027,破壁机,50012082
50010567,清洁美容工具,50002768
50024626,口腔护理,50002768
50023686,美发工具,50002768
50008548,美体塑身,50002768
50008545,美容/美体辅助工具,50002768
50018398,按摩器材,50002768
50012083,家用保健器材,50002768
50023690,家用护理辅助器材,50002768
50023688,经络保健器材,50002768
350210,其它个人护理,50002768
50011877,各类配件,50002768
50008376,冲牙器,50002768
50010401,卷/直发器,50002768
350213,电吹风,50002768
350201,剃须刀,50002768
50011883,牙刷头,50002768
50009106,保健护具(护腰/膝/腿),50002768
50018406,按摩椅/沙发,50002768
350203,电动牙刷,50002768
50002916,矫姿用品,50002768
350712,体重秤/健康秤,50002768
127828005,暖宫带,50002768
50020966,晾衣架/晾衣杆,27
50002409,厨房,27
50013322,墙纸,27
2159,环保/除味/保养,27
50020007,卫浴用品,27
50020573,浴霸,27
50022270,瓷砖,27
120850004,O2O专用（天猫专用）,27
122960001,背景墙软包/床头套/工艺软包,27
124800004,O2O特权订金（天猫专用）,27
50013596,其它,27
50020333,板材,50020332
50020341,砖,50020332
50020348,隔断墙,50020332
50020352,沙/石,50020332
50020358,水泥,50020332
50020362,水管管材,50020332
50020369,线条,50020332
50013517,人造大理石,50020332
50020372,木方,50020332
50020392,其它基础建材,50020332
50020397,隔音材料,50020332
50020400,隔热材料,50020332
50020417,石膏板,50020332
50020442,门窗密封条,50020332
50020445,雕花件系列,50020332
50020449,玻璃,50020332
50013508,硅钙板,50020332
50020459,新型装饰材料,50020332
50020472,天然大理石,50020332
50020480,砂岩,50020332
50020608,阳光房,50020332
50588003,防水材料,50020332
120858002,O2O专用（天猫专用）,50020332
122852003,配件专区,50020332
122894005,油漆,50020332
122904002,涂料（乳胶漆）,50020332
124462004,防水材料（新）,50020332
50020486,家用五金,50020332
124794004,o2o特权订金（天猫专用）,50020332
50008798,其它,50020332
50020487,手动工具,50020485
50020519,仪器仪表,50020485
50020646,电动工具,50020485
50020489,气动工具,50020485
50020490,机械五金,50020485
50020491,机电五金,50020485
50020492,紧固件,50020485
50020493,刃具,50020485
50020494,液压/起重工具,50020485
50021153,安全检查设备,50020485
50013226,劳保用品,50020485
125232003,电气控制,50020485
125912001,医疗服务,50026535
125916001,健康服务,50026535
50020585,插座,50020579
50020596,底盒,50020579
50020599,转换器,50020579
50020995,布线箱,50020579
50020998,电工配件,50020579
50021011,开关,50020579
50021027,断路器,50020579
50021033,电线,50020579
50021042,电工套管,50020579
50021057,监控器材及系统,50020579
50021105,防盗报警器材及系统,50020579
50021120,消防报警设备,50020579
50022516,接线板/插头,50020579
50013796,其它,50020579
50013405,交换器,50020579
120826003,O2O专用（天猫专用）,50020579
50021794,智能家居系统,50020579
50050480,本地婚纱摄影,50050471
121270003,旅游婚纱摄影,50050471
124738009,写真/亲子/全家福摄影,50050471
124708009,其它摄影服务,50050471
50026290,婚礼跟拍,50050471
50026291,婚礼摄影,50050471
50026308,婚庆布置/装饰,50050471
124182006,婚车服务,50050471
124208008,婚纱/礼服服务,50050471
50574002,婚宴酒店,50050471
50026666,婚礼表演,50050471
50014967,婚礼策划,50050471
50010023,婚礼化妆/跟妆,50050471
50005257,婚礼司仪/主持人,50050471
124752006,其它婚庆,50050471
50016161,酒店客栈,50011949
50019784,酒店客栈套餐,50011949
123126002,酒店优惠券/餐饮,50011949
123724001,客栈周边服务,50011949
124090010,其他,50011949
2801,节日/派对庆典用品,21
50009206,家用五金工具,21
50010099,伞/雨具/防雨/防潮,21
50010464,扇/迷你风扇/配件/冰垫/冰贴,21
50012512,保暖贴/怀炉/保暖用品,21
50008275,钟,21
50003948,家居健康用品,21
50016434,创意礼品,21
50012514,防护用品,21
50006528,鞋用品,21
50023068,美体/塑身塑形/增高用具,21
50025838,驱虫用品,21
50025839,香薰用品,21
123004002,毛巾/浴巾/浴袍,21
50026403,香包/香囊,21
50025864,书写板,21
121368025,挂历,21
121456022,台历,21
124232009,家居智能设备,21
124180005,家居智能用品,21
50025851,电热毯,21
121408018,热水袋,21
50006277,其它,21
50010101,烹饪用具,50016349
50008281,厨用小工具/厨房储物,50016349
50002258,烧烤/烘焙用具,50016349
50009146,个人洗护清洁用具,50016348
50003949,家务/地板清洁用具,50016348
2132,卫浴/置物用具,50016348
50001871,休闲毯/毛毯/绒毯,50008163
50010041,布艺蛋糕/蛋糕毛巾,50008163
50006101,其它,50008163
122854005,儿童床品,50008163
122846003,床品定制/定做(新),50008163
122970005,电热毯,50008163
121458010,床单,50008163
121482007,床罩,50008163
121452006,蚊帐,50008163
121416008,枕套,50008163
50008779,床品套件/四件套/多件套,50008163
50002777,枕头/枕芯/保健枕/颈椎枕,50008163
50022514,睡袋,50008163
121394007,床笠,50008163
121386009,床幔,50008163
50010825,被子/蚕丝被/羽绒被/棉被,50008163
50013810,床品配件,50008163
121434010,枕巾,50008163
121414009,床裙,50008163
50001865,被套,50008163
50008565,床垫/床褥/床护垫/榻榻米床垫,50008163
50008246,凉席/竹席/藤席/草席/牛皮席,50008163
121380009,床盖,50008163
126038001,被子,50008163
211104,婴幼儿牛奶粉,35
50016094,特殊配方奶粉,35
50014813,其它,35
50018801,宝宝辅食,35
50018808,婴幼儿营养品,35
50018184,婴幼儿羊奶粉,35
121448014,婴幼儿调味品（新）,35
121404016,宝宝零食,35
127596001,婴幼儿液态奶,35
50018813,纸尿裤/拉拉裤/纸尿片,50014812
50012546,湿巾,50014812
50013866,童床/婴儿床/摇篮/餐椅,50014812
50012711,布尿裤/尿垫,50014812
50014248,宝宝洗浴护肤品,50014812
50012412,睡袋/凉席/枕头/床品,50014812
50009521,水杯/餐具/研磨/附件,50014812
50012436,理发/指甲钳/量温等护理小用品,50014812
50006020,背带/学步带/出行用品,50014812
50005952,防撞/提醒/安全/保护,50014812
50012448,牙胶/牙刷/牙膏,50014812
50012466,清洁液/洗衣液/柔顺剂,50014812
50018391,消毒/吸奶器/小家电,50014812
211112,其它婴童用品,50014812
50022520,婴儿手推车/学步车,50014812
50148003,儿童房/桌椅/家具,50014812
121388024,驱蚊退烧用品,50014812
123514003,奶嘴/奶嘴相关,50014812
50016455,奶瓶/奶瓶相关,50014812
50012374,防辐射,50022517
50012354,孕妇装,50022517
50023573,孕妇裤/托腹裤,50022517
50012314,产妇帽/孕妇袜/孕妇鞋,50022517
50023613,家居服/哺乳装/秋衣裤,50022517
50016687,哺乳文胸/内裤/产检裤,50022517
50023660,束缚带/塑身衣/盆骨矫正带,50022517
50005961,妈咪包/袋,50022517
50006000,待产用品,50022517
50010392,孕产妇奶粉,50022517
50026457,孕产妇护肤/洗护/祛纹,50022517
50026460,孕产妇营养品,50022517
50026471,月子营养,50022517
127302014,哺乳用品,50022517
127284012,吸奶器/配件,50022517
127442007,孕产妇彩妆,50022517
127884004,孕产服务（电子兑换券方式）,50022517
50014512,婴儿礼盒,50008165
50010537,连身衣/爬服/哈衣,50008165
50010530,披风/斗篷,50008165
50010524,马甲,50008165
50013618,裤子,50008165
50013189,T恤,50008165
50010527,衬衫,50008165
50010518,卫衣/绒衫,50008165
50010539,毛衣/针织衫,50008165
50012308,外套/夹克/大衣,50008165
50010531,棉袄/棉服,50008165
50010540,套装,50008165
50012424,亲子装/亲子时装,50008165
50016450,校服/校服定制,50008165
50006584,儿童袜子(0-16岁),50008165
50006583,帽子/围巾/口罩/手套/耳套/脚套,50008165
50006217,其它,50008165
50152002,儿童旗袍/唐装/民族服装,50008165
50146004,反穿衣/罩衣,50008165
121476002,肚兜/肚围/护脐带,50008165
121380002,儿童内衣裤,50008165
121364003,儿童家居服,50008165
121464004,儿童泳装,50008165
121392004,儿童配饰,50008165
121364004,背心吊带,50008165
121476003,抹胸,50008165
121388045,裙子(新),50008165
121462057,儿童演出服,50008165
121506001,儿童礼服,50008165
124208010,羽绒服饰/羽绒内胆,50008165
124412002,儿童户外服,50008165
50010420,养生茶,50020275
50015218,药食同源食品,50020275
50005945,参类滋补品,50020275
50005773,蜂产品,50020275
50008046,冬虫夏草,50020275
50015134,鹿茸,50020275
50015194,灵芝,50020275
50015207,枸杞及其制品,50020275
50015211,雪蛤/林蛙油,50020275
50015219,阿胶膏方,50020275
50009980,三七,50020275
50009979,山药,50020275
50012186,石斛/枫斗,50020275
50020296,其他传统滋补品,50020275
50050143,新食品原料,50020275
124092006,燕窝滋补品,50020275
124222013,枣,50020275
50005774,蜂蜜,50020275
124860002,食疗滋补营养,50020275
125080007,参茸贵细,50020275
50013061,蜜饯/枣类/梅/果干,50002766
50012981,山核桃/坚果/炒货,50002766
50008613,牛肉干/猪肉脯/卤味零食,50002766
50010550,饼干/膨化,50002766
50008055,巧克力/DIY巧克力,50002766
50016091,糖果零食/果冻/布丁,50002766
50009556,鱿鱼丝/鱼干/海味即食,50002766
50008430,奶酪/乳制品/,50002766
50552001,糕点/点心,50002766
123248003,豆干制品/蔬菜干,50002766
124300002,巧克力,50002766
50008059,其它,50002766
50009837,米/面粉/杂粮,50016422
50009821,调味品/果酱/沙拉,50016422
50025682,南北干货/肉类干货,50016422
50016443,其他食品,50016422
50025689,方便速食,50016422
50050378,食用油/调味油,50016422
123188001,烘焙原料/辅料/食品添加剂-新,50016422
121382001,增值服务,121380001
121370002,航司增值服务,121380001
121388001,航司机票套票,121380001
121390001,航司机票套餐,121380001
121388002,机票套餐,121380001
122562002,机票套票,121380001
121554003,宝点,121536003
121634001,服装服饰,121536007
122398002,时尚鞋履,121536007
121636001,箱包手袋,121536007
121638001,珠宝手表,121536007
125640002,C2B,121536007
50005462,QQ币/QQ卡,40
50007212,QQ增值服务,40
50005457,QQ秀,40
50007210,QQ游戏币/欢乐豆,40
50005458,QQ宠物,40
50005460,QQ空间,40
50007185,QQ音速,40
50008049,Q点,40
50005461,腾讯游戏,40
50007211,QQ游戏大厅道具,40
50005491,QQ其它,40
50011556,羽毛球,50010728
50012937,乒乓球,50010728
50013823,足球,50010728
50013202,篮球,50010728
50017077,网球,50010728
50017616,排球,50010728
50017776,高尔夫,50010728
50017859,棒球,50010728
50017625,壁球,50010728
50017757,保龄球,50010728
50016729,游泳,50010728
50010828,跳舞毯,50010728
50016689,轮滑/滑板/极限运动,50010728
50016663,瑜伽,50010728
50016472,舞蹈/健美操/体操,50010728
50017913,跆拳道/武术/搏击,50010728
50017085,踏步机/中小型健身器材,50010728
50017117,跑步机/大型健身器械,50010728
50018096,橄榄球,50010728
50017722,台球,50010728
50017871,麻将/棋牌/益智类,50010728
50018005,飞镖/桌上足球/室内休闲,50010728
50017269,田径运动器材,50010728
50018025,毽子/空竹/民间运动,50010728
50013253,游乐场/体育场馆设施,50010728
50023363,马术运动,50010728
50023370,击剑运动,50010728
50018189,F1/赛车,50010728
50018194,冰球/速滑/冰上运动,50010728
50019503,慢跑(有氧运动),50010728
50010749,其它运动用品,50010728
121410016,运动护具,50010728
121448012,急救用品,50010728
124522008,运动类活动/赛事,50010728
50014023,垂钓装备,50013886
50013888,户外服装,50013886
50013908,睡袋,50013886
50014756,防潮垫/地席/枕头,50013886
50019269,户外鞋靴,50013886
50013891,专项户外运动装备,50013886
50014759,刀具/多用工具,50013886
50013892,户外休闲家具,50013886
50016119,旅行便携装备,50013886
50019007,军迷服饰/军迷用品,50013886
50018158,防护/救生装备,50013886
50019539,帐篷/天幕/帐篷配件,50013886
50019592,望远镜/夜视仪/户外眼镜,50013886
50019601,户外照明,50013886
50019712,饮水用具/盛水容器,50013886
50014763,通讯/导航/户外表类,50013886
50014764,洗漱清洁/护理用品,50013886
50014762,登山杖/手杖,50013886
50014757,炉具/餐具/野餐烧烤用品,50013886
2203,其它,50013886
124544010,户外活动/赛事/线路/旅游产品,50013886
50013228,运动T恤,50011699
50011717,运动卫衣/套头衫,50011699
50011718,运动风衣,50011699
50011739,运动茄克/外套,50011699
50011720,运动棉衣,50011699
50011721,运动羽绒服,50011699
50011704,运动毛衣/线衫,50011699
50022728,运动套装,50011699
50022889,运动POLO衫,50011699
50022891,健身服装,50011699
50023105,运动裤,50011699
50023109,运动裙,50011699
50023415,运动球服,50011699
50023110,运动马甲,50011699
125100031,运动内衣,50011699
50011975,毛绒布艺类玩具,25
50012770,娃娃/配件,25
50024128,静态模型,25
50013198,童车/儿童轮滑,25
50008876,早教/智能玩具,25
2512,户外运动/休闲/传统玩具,25
50012455,游泳池/戏水玩具,25
50008737,电动遥控玩具零件/工具,25
50012404,儿童包/背包/箱包,25
50000813,宝宝纪念品/个性产品,25
50008528,儿童棋类/桌面游戏,25
50023498,解锁/迷宫/魔方/智力玩具,25
50007116,电动/遥控/惯性/发条玩具,25
50023502,仿真/过家家玩具,25
50023504,串珠/拼图/配对/拆装/敲打玩具,25
50015127,学习/实验/绘画文具,25
50023508,游乐/教学设备/大型设施,25
50024048,幼儿响铃/布玩/安抚玩具,25
50024050,电子/发光/充气/整蛊玩具,25
50024060,油动电动模型,25
50000802,其它玩具,25
124346005,儿童机器人/变形/人偶玩具,25
124470013,儿童玩具枪,25
124506009,彩泥/粘土/软陶泥,25
124484013,积木,25
124472007,绘画类用品,25
50023444,幼儿爬行/学步/健身,25
50006948,悠悠(溜溜)球,25
50023625,音乐玩具/儿童乐器,25
50023497,手工制作/创意DIY,25
125048010,儿童智能玩具,25
127500002,儿童读物/童书,25
127496003,育儿书籍,25
50011752,游戏币,50011665
50011751,游戏装备,50011665
50011753,游戏帐号,50011665
50011754,游戏代练,50011665
50010609,激活码测试号专区,50011665
50010916,网页游戏物品/资源,50011665
127288007,游戏帐号租赁,50011665
127302015,游戏陪玩,50011665
150403,IP电话卡/长途卡,50008907
150404,网络电话卡,50008907
50005109,Skype充值专区,50008907
50006853,3G无线上网资费卡,50008907
50023365,400电话,50008907
50023366,老用户套餐/增值业务办理,50008907
50024820,合约购机业务,50008907
50025114,新入网手机号套餐,50008907
50025151,WIFI热点/无线套餐,50008907
50026336,老用户预存优惠,50008907
50256001,手机流量充值,50008907
121616001,有线宽带,50008907
124292003,流量周期包,50008907
124616001,有线/无线固话合约,50008907
124652001,4G无线上网资费卡,50008907
124710009,其他,50008907
124728012,固定电话充值,50008907
124714008,有线宽带充值,50008907
124698010,充值送,50008907
124766005,广电充值,50008907
124832007,国际卡/国际通信设备,50008907
124946001,数据增值业务,50008907
124988004,流量/固话/宽带企业充值,50008907
127418010,物联网服务,50008907
124702014,115网盘,99
127114001,A-阿佩尔物语,99
124890005,B-暴雪游戏一卡通,99
127718001,B-百度网盘,99
127790001,B-百果园,99
127068001,C-CSGO,99
126754001,C-创世战车,99
125224005,C-炽焰帝国2,99
125044003,D-刀锋铁骑,99
126756002,D-帝国文明,99
127072001,D-滴滴出行,99
127438001,E-e袋洗e卡,99
125218004,F-封印者,99
126474003,F-方舟：生存进化Online,99
127648001,G-光速大师,99
124750020,G-冠军足球经理,99
124918001,G-怪物猎人OL,99
124984005,G-敢达前线指挥官,99
125518004,G-鬼谷无双,99
126528012,H-汉游天下,99
124922001,H-画江山,99
127904001,H-红莲之王,99
127906001,H-黑色沙漠,99
125056001,J-九阳神功,99
125082002,J-剑侠世界绿色版,99
125198006,J-劲舞团3,99
126746001,J-极品飞车OL,99
127856001,J-玖佰卡,99
124930001,J-集结号,99
124864008,J-骏网充值卡,99
125214002,K-空甲联盟,99
127062001,L-流放之路,99
127506001,L-绿色版天龙八部,99
125708012,L-黎明之光,99
125252009,M-冒险岛2,99
200530001,M-摩拜单车,99
126748002,M-秘境对决,99
125244003,M-蛮荒搜神记,99
127244001,M-魔兽争霸官方平台,99
125018001,N-宁波游戏中心,99
126760001,N-逆水寒,99
125990003,Q-亲朋游戏,99
127454001,Q-全球使命3,99
124920001,Q-千军,99
127246001,Q-千库网,99
127196001,Q-去哪儿网机票会员,99
125590004,Q-拳皇14-PS4,99
125208011,S-32充值卡,99
126384001,S-steam平台充值,99
124784001,S-使命召唤,99
125202011,S-兽人必须死,99
125238010,S-守望先锋,99
127646002,S-数字专辑,99
200508001,S-松果倾诉,99
125126001,S-盛付通,99
125042002,S-神之浩劫,99
200506001,S-索尼音乐,99
127436001,S-苏宁易购卡,99
125238008,S-蜀山缥缈录,99
127228001,S-赛博加速器,99
127408001,T-天子剑,99
125226017,T-天宏充值卡,99
126752001,T-泰亚史诗,99
125040030,T-腾讯体育,99
125238003,V-V币,99
124942004,W-微软专区,99
124728016,W-无尽战区,99
127910001,W-无限法则,99
125054001,W-王牌对决,99
124720016,W-王者传奇,99
127788001,W-网易严选,99
200568001,W-网易云课堂,99
126192001,W-网易云音乐,99
127410001,X-携程超级会员,99
124690013,X-西楚霸王,99
127334001,Y-YY会员,99
127716001,Y-YY增值业务,99
126504013,Y-一起来飞车,99
125664001,Y-倚天剑与屠龙刀,99
126742001,Y-影武者,99
125006003,Y-御剑红尘,99
125048009,Y-御龙在天经典版,99
126008001,Y-易游酷充值卡,99
127908001,Z-战意,99
124990004,Z-最终兵器,99
125202013,Z-纵游充值卡,99
126758001,Z-自由禁区,99
126598001,Z-装甲战争,99
125656001,Z-装甲风暴,99
50830007,W-网页游戏,99
50026064,A-艾尔之光,99
50007849,B-边锋点卡,99
50007396,B-霸王点卡,99
50007414,B-飚车点卡,99
50026073,B-波克城市,99
50024956,C-穿越OL点卡,99
50024934,C-春秋外传,99
50007465,C-成吉思汗2点卡,99
50007477,C-冲锋岛点卡,99
50007456,C-彩虹岛,99
50024993,C-宠物王国点卡,99
50026036,C-传奇3,99
50007943,C-传奇归来点卡,99
50007883,C-传奇外传点卡,99
50007398,C-传奇世界点卡,99
50007874,C-传世群英传点卡,99
50007810,C-赤壁点卡,99
50008021,C-穿越火线点卡,99
50024767,C-创世西游,99
50007822,C-CGA浩方点卡,99
50007416,C-超级舞者点卡,99
50026037,C-超级跑跑,99
50026040,C-传世无双,99
50007856,C-春秋Q传点卡,99
50026436,D-第九大陆,99
50024957,D- 夺宝传世点卡,99
50024998,D-大话水浒点卡,99
50007428,D-地下城与勇士点卡,99
50007410,D-大话西游2点卡,99
50007413,D-刀剑英雄点卡,99
50007420,D-大航海时代点卡,99
50007421,D-大唐豪侠点卡,99
50008003,D-大话西游3点卡,99
50007919,D-大海战II点卡,99
50007949,D-大话西游之战歌点卡,99
50007476,D-大唐无双点卡,99
50007439,D-大明龙权点卡,99
50026057,D-大话红楼,99
50007442,E-EVE点卡,99
50126003,F-风雷游戏点卡,99
50024935,F-封神榜国际版,99
50024936,F-封神榜3,99
50024927,F-富甲西游,99
50025201,F-风暴战区点卡,99
50007443,F-风云点卡,99
50007432,F-封神榜点卡,99
50007433,F-反恐精英OL点卡,99
50024928,F-疯狂石头,99
50024932,F-反恐行动,99
50024247,F-FIFA,99
50024804,G-功夫派,99
50007445,G-GT劲舞团2点卡,99
50024997,G-古域点卡,99
50007805,H-黄金岛点卡,99
50026066,H-黄金国度,99
50026659,J-九阴真经点卡,99
50024992,J-精灵传说点卡,99
50024699,J-剑灵·诀点卡,99
50007435,J-劲舞团点卡,99
50007438,J-剑侠情缘网络版3点卡,99
50007405,J-剑侠情缘2点卡,99
50007426,J-剑侠世界点卡,99
50007370,J-街头篮球点卡,99
50007955,J-剑侠情缘网络版点卡,99
50007409,J-惊天动地点卡,99
50007417,J-巨人点卡,99
50026059,J-九鼎传说,99
50007359,K-口袋西游点卡,99
50024848,K-抗战2,99
50007931,K-抗战英雄传点卡,99
50024809,L-鹿鼎记,99
50025200,L-洛奇英雄传点卡,99
50007937,L-龙之谷点卡,99
50007859,L-联众世界点卡,99
50007452,L-绿色征途点卡,99
50007464,L-龙点卡,99
50007815,L-浪漫庄园点卡,99
50007446,L-洛奇点卡,99
50026072,L-亮剑,99
50024772,M-摩尔庄园,99
50024805,M-魔法哈奇,99
50024963,M-魔界2点卡,99
50025621,M-魔域掉钱版,99
50007454,M-梦幻龙族点卡,99
50007361,M-魔兽世界点卡,99
50007675,M-梦幻西游点卡,99
50007380,M-魔域点卡,99
50007395,M-冒险岛点卡,99
50007453,M-梦幻诛仙2,99
50007481,M-魔力宝贝点卡,99
50007470,M-梦想世界点卡,99
50007973,M-梦幻国度点卡,99
50007901,M-名将三国点卡,99
50024864,M-猫扑一卡通,99
50024865,M-冒泡一卡通,99
50007991,P-破天一剑点卡,99
50024926,P-泡泡游戏,99
50007967,P-泡泡堂点卡,99
50007437,P-跑跑卡丁车点卡,99
50098008,Q-麒麟点卡,99
50114008,Q-起凡通宝卡,99
50024770,Q-倩女幽魂,99
50025320,Q-QQ仙侠传,99
50025322,Q-七雄争霸点卡,99
50025323,Q-QQ西游点卡,99
50007462,Q-千年3点卡,99
50007450,Q-QQ飞车点卡,99
50007868,Q-QQ三国点卡,99
50007792,Q-起点读书,99
50007411,Q-QQ幻想点卡,99
50007985,Q-QQ自由幻想点卡,99
50007400,Q-奇迹点卡,99
50007825,Q-QQ华夏点卡,99
50026067,Q-全球使命,99
50024964,R-热斗传说点卡,99
50007670,R-热血传奇点卡,99
50007368,R-热血江湖点卡,99
50007997,R-热舞派对II点卡,99
50026034,R-热血英豪,99
50026058,R-热血战队,99
50024863,R-人人一卡通,99
50024168,S-神魔大陆,99
50024802,S-赛尔号,99
50024697,S-神鬼世界,99
50007473,S-兽血沸腾点卡,99
50007447,S-新蜀门点卡,99
50007467,S-神鬼传奇点卡,99
50007458,S-三国群英传点卡,99
50007466,S-SD敢达online点卡,99
50007777,S-三国策点卡,99
50007407,S-丝路传说点卡,99
50007381,S-神泣点卡,99
50026068,S-神话,99
50026039,S-三国杀Online,99
50026063,S-三界奇缘,99
50026069,S-水浒无双,99
50025480,T-腾讯绿色征途点卡,99
50025109,T-坦克世界点卡,99
50007418,T-天龙八部,99
50007468,T-天下叁点卡,99
50007479,T-天堂2点卡,99
50007483,T-天骄2点卡,99
50026070,T-天道,99
50007793,V-VS竞技平台VIP/点卡,99
50007459,W-完美世界国际版点卡,99
50007664,W-武林外传点卡,99
50007402,W-完美世界点卡,99
50007403,W-问道点卡,99
50008027,W-舞街区点卡,99
50007925,W-武神点卡,99
50026045,W-武魂,99
50026065,W-万王之王3,99
50024937,J-剑侠贰外传,99
50025654,X-侠客列传点卡,99
50024126,X-星辰变,99
50007875,X-星际争霸2,99
50026054,X-星际Ⅱ《自由之翼》畅玩版,99
50007840,X-星尘传说点卡,99
50008034,X-（蓝港）西游记点卡,99
50024803,X-小花仙,99
50007390,X-寻仙点卡,99
50007599,X-仙剑OL点卡,99
50007863,X-侠义道II点卡,99
50007833,X-新浪IGame点卡,99
50007436,X-新飞飞点卡,99
50008039,X-新英雄年代点卡,99
50023165,X-降龙之剑点卡,99
50007961,X-仙途点卡,99
50026071,X-新战国,99
50025062,Y-佣兵天下,99
50025108,Y-英雄联盟点卡,99
50025646,Y-游戏蜗牛,99
50007385,Y-永恒之塔点卡,99
50007471,Y-倚天2点卡,99
50024698,Y-倚天屠龙记,99
50024443,Y-远征Online,99
50026033,Y-游戏茶苑,99
50686004,Y-11对战平台,99
50026055,Y-月影传说,99
50007474,Z-征途2S点卡,99
50007979,Z-诸侯Online点卡,99
50007372,Z-征途点卡,99
50007832,Z-诛仙3,99
50008009,Z-真三国无双OL点卡,99
50007427,Z-征途怀旧版点卡,99
50007841,Z-中国游戏中心点卡,99
50007451,Z-征途时间版点卡,99
50007377,Z-征服点卡,99
50024929,Z-战国风云,99
50026043,Z-斩魂,99
50025321,Z-战地之王AVA,99
50026060,Z-中华英雄,99
50025889,激活码/新手包,99
50007913,网页游戏点卡,99
50007785,网游充值平台（平台加款卡）,99
50007779,其他游戏点卡,99
50050644,Q-奇迹世界2点卡,99
50050646,S-三国战魂点卡,99
50050647,W-巫师之怒点卡,99
50050648,X-仙侠世界点卡,99
50102011,Q-奇虎360币,99
50116005,J-九州OL点卡,99
50208006,X-炫舞吧Ⅱ点卡,99
50492001,M-梦三国点卡,99
50494001,S-三国争霸点卡,99
50496001,M-麻辣江湖点卡,99
50500001,S-神雕侠侣点卡,99
50492002,S-蜀山剑侠传点卡,99
50502002,L-流星蝴蝶剑OL,99
50490002,S-神兵传奇点卡,99
50494002,Q-群雄逐鹿点卡,99
50682004,S-隋唐演义点卡,99
50674004,N-诺亚传说点卡,99
50678006,H-画皮世界点卡,99
50722001,X-新征途,99
50774026,S-圣斗士星矢,99
50786034,X-笑傲江湖,99
50784029,W-王者之剑,99
50794038,R-热血篮球,99
50816010,G-光荣使命,99
50832009,S-三国来了,99
120846007,L-龙之力量,99
120834004,D-斗战神,99
120838004,J-君王2,99
120868003,W-我叫MT,99
120860002,S-上游,99
120832003,J-JJ斗地主,99
120850005,X-寻龙记,99
120874002,S-苏游,99
120846008,S-神雕,99
120860003,G-怪物联盟,99
120870002,Q-QQ仙灵,99
120836006,D-DOTA2,99
120850006,N-逆战,99
120846009,S-三国演义,99
120870003,X-轩辕传奇,99
120850007,Q-QQ封神记,99
120850008,N-NBA2K,99
120888002,B-霸域,99
120874004,V-VS金币,99
120872004,B-碧之轨迹,99
120826009,J-街机三国,99
120832006,S-水浒Q传2,99
120868008,T-桃园,99
120880002,D-大冲锋,99
120890002,Y-御龙在天,99
120836007,L-零世界,99
120842003,T-同城游,99
120868009,S-三国争霸,99
120870004,L-老K游戏,99
120830006,J-极光世界,99
120864005,B-百度币,99
120850009,S-360币,99
120882002,F-凡人修仙传,99
120840006,D-大三国志,99
120838013,Q-企鹅战争,99
121128001,D-斗破苍穹,99
121124002,C-苍穹之剑,99
121166003,Z-掌上宝,99
121132002,D-豆客CS平台,99
121178002,X-新侠义道,99
121162002,P-皮卡堂,99
121196001,T-天翼决,99
121148003,P-拍拍部落,99
121146003,Z-醉逍遥,99
121156002,A-奥比岛,99
121254001,C-超能战联,99
121270001,L-炉石传说,99
121272001,J-剑灵,99
121290002,T-淘米一卡通,99
121360001,H-狐狸三国,99
121382005,Z-植物大战僵尸,99
121424002,W-武侠Q传,99
121382006,T-天天连萌,99
121426002,L-乱斗堂,99
121434003,S-神魔,99
121458001,H-欢乐斗地主,99
121386003,A-暗黑复仇者,99
121462001,N-NBA梦之队,99
121464001,D-大掌门,99
121466001,P-啪啪三国,99
121472046,X-侠义外传,99
121422059,Y-英雄三国,99
121410048,T-唐人游,99
121410049,Y-易玩通,99
121412050,S-三国时代,99
121416042,W-忘仙,99
121574004,Z-战神联盟,99
121590005,W-沃尔学院,99
121566005,R-热血精灵派,99
121592002,C-创想兵团,99
121556006,Y-约瑟传说,99
121662001,X-星辰杀,99
121666001,S-守护之剑,99
121668001,P-泡泡战士,99
121670001,B-霸王II,99
121672001,X-新热血英豪,99
121676001,M-魔界,99
121680001,B-百万亚瑟王,99
121682001,S-盛大点券,99
121858003,道具直充,99
121874002,Z-自由篮球,99
121918001,S-圣王,99
121874003,J-激战2,99
121886004,Z-战机世界,99
122024003,S-神之刃,99
122082001,J-江湖,99
122164003,W-完美点券,99
122264001,W-51新炫舞,99
122198005,W-武林群侠传2,99
122240006,Y-倚天Ⅱ自由世界,99
122594001,J-机战,99
122610004,Z-最终幻想14（盛大版）,99
122850001,M-魔界村（盛大版）,99
122842003,M-萌将冲冲冲,99
122858004,B-百万人的三国志,99
122878004,Q-枪神纪,99
123042002,M-梦塔防,99
123048001,C-赤壁之战,99
122972004,H-幻想神域,99
123076001,J-疾风之刃,99
123100001,Z-征途2经典版点卡,99
123146002,X-新水浒Q传,99
123322001,T-桃花源记,99
123326001,Q-骑士3.0,99
123320006,T-TERA（神谕之战）,99
123372001,D-大话西游外传之战歌,99
123546001,L-龙武,99
123548001,W-网易全明星,99
123524005,L-狼队,99
123536003,S-射雕英雄传Zero,99
123604001,S-300英雄,99
123630001,U-UC点卡,99
123664001,Q-7K7K充值卡,99
123684001,X-仙之痕,99
123656002,X-藏地传奇,99
123686001,F-风暴英雄,99
123710001,手游充值,99
123718001,D-地城之光,99
123880001,M-梦三国2,99
123906001,X-炫舞时代,99
123870005,S-Skype,99
124176002,R-热血江湖2点卡,99
124258003,F-反恐精英OL2点卡,99
124202008,J-机动战士敢达OL点卡,99
124234012,T-突击英雄,99
124174017,H-海战世界,99
124222024,L-恋战,99
124168015,T-天谕,99
124218015,L-龙剑,99
124198016,B-不败传说,99
124252018,C-传奇永恒,99
124226018,W-无冬online,99
124208023,A-暗黑破坏神3,99
124174018,T-吞噬苍穹,99
124458001,D-刀剑2,99
124460001,Q-QQ英雄岛,99
124462001,Z-镇魔曲,99
124460002,F-FIFA Online3,99
124586001,S-狩龙战纪,99
124624001,平台币,99
124636003,D-点卡分销,99
124724001,T-天涯明月刀,99
124692002,端游,99
124692003,J-91y游戏中心,99
124720003,X-星际战甲,99
124732009,T-腾游点卡,99
124694013,S-赛车联盟,99
124696012,Z-诛仙世界,99
124754004,D-夺宝联盟,99
124704006,M-魔甲时代,99
124710010,Y-御天降魔传,99
124718005,H-HEX,99
124688007,J-劲跑团,99
124728011,Z-战舰世界,99
124730007,L-龙翼编年史,99
124732010,C-创世2,99
124714007,Z-征途2动作版,99
124704007,Z-征途穿越版,99
124690010,H-魂之猎手,99
124704010,Z-最后一炮,99
124694015,L-黎明战歌,99
124750012,S-上古世纪,99
124714013,T-天之禁,99
124748019,K-狂野星球,99
124754015,H-虎豹骑,99
124750021,C-传奇演义,99
124718017,C-超神英雄,99
124700026,Z-战争雷霆,99
124848001,Y-英魂之刃,99
124884003,游戏兑换码,99
125922001,视频直播,99
125950001,影视会员,99
127112006,卡密充值专用,99
127324013,组合商品,99
290501,鲜花速递(同城),50007216
50004417,鲜果篮(预定与速递),50007216
50009339,婚礼鲜花布置,50007216
50015210,商务用花,50007216
50015215,追悼/奠仪用花,50007216
290503,花艺包装/材料,50007216
50024881,创意迷你植物,50007216
50007010,园艺用品,50007216
50024880,庭院植物/行道树木/果树,50007216
121418033,卡通花（新）,50007216
121370030,花瓶/花器/花盆/花架（新）,50007216
121472034,仿真花/绿植/蔬果成品（新）,50007216
121410037,花卉/绿植盆栽（新）,50007216
121414042,花卉/蔬果/草坪种子（新）,50007216
124492002,永生花/干花,50007216
124478007,插花培训,50007216
124572017,园艺设计服务,50007216
125234004,上门送花（淘宝到家）,50007216
126518001,花园植物/行道树/果树,50007216
290501,鲜花速递(同城),50007216
50004417,鲜果篮(预定与速递),50007216
50009339,婚礼鲜花布置,50007216
50015210,商务用花,50007216
50015215,追悼/奠仪用花,50007216
290503,花艺包装/材料,50007216
50024881,创意迷你植物,50007216
50007010,园艺用品,50007216
50024880,庭院植物/行道树木/果树,50007216
121418033,卡通花（新）,50007216
121370030,花瓶/花器/花盆/花架（新）,50007216
121472034,仿真花/绿植/蔬果成品（新）,50007216
121410037,花卉/绿植盆栽（新）,50007216
121414042,花卉/蔬果/草坪种子（新）,50007216
124492002,永生花/干花,50007216
124478007,插花培训,50007216
124572017,园艺设计服务,50007216
125234004,上门送花（淘宝到家）,50007216
126518001,花园植物/行道树/果树,50007216
150401,中国移动充值卡,50004958
150402,中国联通充值卡,50004958
50011814,电信话费充值卡,50004958
122370003,爱施德充值卡,50004958
122436001,阿里通信充值卡,50004958
123844002,中麦通信充值卡,50004958
124476017,中国铁通充值卡,50004958
124770005,免商店充值卡,50004958
124990002,企业充值卡,50004958
125226002,鹏博士充值卡,50004958
125212002,优酷移动充值卡,50004958
125248007,缴费业务,50004958
126416003,话费定期充,50004958
50011745,凉鞋,50011740
50011746,拖鞋,50011740
50011743,靴子,50011740
50011744,帆布鞋,50011740
50012906,低帮鞋,50011740
50012907,高帮鞋,50011740
50012908,雨鞋,50011740
50010850,连衣裙,16
50000671,T恤,16
162104,衬衫,16
1622,裤子,16
162205,牛仔裤,16
1623,半身裙,16
50013196,马夹,16
162116,蕾丝衫/雪纺衫,16
50000697,毛针织衫,16
50011277,短外套,16
50008897,西装,16
50008898,卫衣/绒衫,16
162103,毛衣,16
50008901,风衣,16
50013194,毛呢外套,16
50008900,棉衣/棉服,16
50008899,羽绒服,16
50008904,皮衣,16
50008905,皮草,16
50000852,中老年女装,16
1629,大码女装,16
1624,套装/学生校服/工作制服,16
50011404,婚纱/旗袍/礼服,16
50008906,唐装/民族服装/舞台服装,16
121412004,背心吊带,16
121434004,抹胸,16
50012027,低帮鞋,50006843
50012825,高帮鞋,50006843
50012028,靴子,50006843
50012032,凉鞋,50006843
50012033,拖鞋,50006843
50012042,帆布鞋,50006843
50012047,雨鞋,50006843
50012010,女士包袋,50006842
50012019,旅行箱,50006842
50026617,箱包相关配件,50006842
50050199,旅行袋,50006842
121434005,钱包,50006842
121400005,卡包,50006842
121400006,卡套,50006842
121384005,手机包,50006842
121392003,钥匙包,50006842
121368002,证件包,50006842
122690003,双肩背包,50006842
122654005,男士包袋,50006842
50008881,文胸,1625
50008883,文胸套装,1625
50008882,内裤,1625
50008884,塑身上衣,1625
50012774,塑身美体裤,1625
50012775,塑身腰封/腰夹,1625
50012776,塑身分体套装,1625
50012781,塑身连体衣,1625
50008886,睡衣上装,1625
50012766,睡裤/家居裤,1625
50012771,睡裙,1625
50012772,睡衣/家居服套装,1625
50012773,睡袍/浴袍,1625
50008885,保暖上装,1625
50012777,保暖裤,1625
50012778,保暖套装,1625
50006846,短袜/打底袜/丝袜/美腿袜,1625
50010394,吊带/背心/T恤,1625
50008888,抹胸,1625
50008890,肚兜,1625
50008889,乳贴,1625
50012784,肩带,1625
50012785,吊袜带,1625
50012786,插片/胸垫,1625
50012787,搭扣,1625
50009032,腰带/皮带/腰链,50010404
302910,帽子,50010404
50007003,围巾/丝巾/披肩,50010404
50009578,围巾/手套/帽子套件,50010404
50001248,领带夹,50010404
302909,袖扣,50010404
164206,婚纱礼服配件,50010404
50009037,耳套,50010404
50010410,手套,50010404
50009035,手帕,50010404
50010406,鞋包/皮带配件,50010404
50009033,制衣面料,50010404
50009047,其他配件,50010404
121366010,口袋巾,50010404
121454011,领部配件,50010404
121462007,运动首饰,50010404
121418029,天然珍珠（新）,50011397
121392033,其他天然玉石,50011397
121420031,钻石首饰（新）,50011397
121422036,铂金/PT（新）,50011397
121470039,黄金首饰（新）,50011397
121402026,彩色宝石/贵重宝石,50011397
121366034,专柜swarovski水晶（新）,50011397
121392034,翡翠（新）,50011397
121460027,天然琥珀（新）,50011397
121434050,和田玉,50011397
125058009,K金首饰,50011397
290601,瑞士军刀,28
50010368,太阳眼镜,28
50011893,功能眼镜,28
50011888,眼镜配件、护理剂,28
50011896,滴眼液、护眼用品,28
2909,烟具,28
50012709,酒具,28
122444001,品牌打火机及配件,28
126412005,光学眼镜,28
126410004,替烟产品,28
126500035,实体验光配镜,28
50004788,工业/农业技术,33
50004658,历史,33
50004725,旅游,33
50003112,生活,33
3306,计算机/网络,33
3331,外语/语言文字,33
50004687,经济,33
50004870,进口原版书(含港台),33
50004925,传记,33
50004767,医学卫生,33
50004835,地图/地理,33
50004645,娱乐时尚,33
50004621,报纸,33
50004893,政治军事,33
50010485,期刊杂志,33
50004816,法律,33
50005715,淘宝网开店书籍专区,33
50004620,社会科学,33
50004960,知识服务,33
50000072,考试/教材/论文,33
50004674,小说,33
50004806,文化/信息与知识传播,33
50000063,管理,33
50000049,自我实现/励志,33
50001965,漫画/动漫小说,33
50000177,自然科学,33
50000141,文学,33
50001378,报刊订阅,33
50004743,保健/心理类书籍,33
3332,工具书/百科全书,33
50000054,艺术,33
3338,哲学和宗教,33
50010689,旧版书,33
3314,儿童读物/童书,33
50004849,育儿书籍,33
50026342,网络原创,33
50132001,其他,33
50492006,体育运动(新),33
50506014,古籍（新）,33
121956004,自由组合套装,33
125266012,图书周边,33
127696021,科学/科学研究,33
50017504,电子合成器,50017300
50017311,MIDI乐器/电脑音乐,50017300
50017318,乐器音箱,50017300
50017319,乐器配件,50017300
50017321,儿童玩具乐器,50017300
50532001,民族乐器,50017300
50530002,西洋乐器,50017300
50017316,钢琴,50017300
124478009,乐器服务,50017300
124712010,乐器工具/周边,50017300
50017504,电子合成器,50017300
50017311,MIDI乐器/电脑音乐,50017300
50017318,乐器音箱,50017300
50017319,乐器配件,50017300
50017321,儿童玩具乐器,50017300
50532001,民族乐器,50017300
50530002,西洋乐器,50017300
50017316,钢琴,50017300
124478009,乐器服务,50017300
124712010,乐器工具/周边,50017300
50019617,男用器具,2813
50019630,女用器具,2813
50019641,情趣用品,2813
50019651,情趣内衣,2813
50020206,情趣家具,2813
50012031,篮球鞋,50012029
50012037,网球鞋,50012029
50012038,足球鞋,50012029
50012036,跑步鞋,50012029
50012043,板鞋/休闲鞋,50012029
50012044,帆布鞋,50012029
50026312,童鞋/青少年鞋,50012029
50012041,综合训练鞋/室内健身鞋,50012029
50012048,运动沙滩鞋/凉鞋,50012029
50012049,运动拖鞋,50012029
50012064,其它运动鞋,50012029
50012331,羽毛球鞋,50012029
50012946,乒乓球鞋,50012029
50017619,排球鞋,50012029
50017865,棒球鞋,50012029
50013865,项链,50013864
50013868,项坠/吊坠,50013864
50014227,耳饰,50013864
50013869,手链,50013864
50013870,手镯,50013864
50013871,脚链,50013864
50013875,戒指/指环,50013864
50013876,胸针,50013864
50013877,摆件,50013864
50013878,发饰,50013864
50013882,其它首饰,50013864
121408037,DIY配件,50013864
121390019,保养鉴定用品,50013864
121408038,首饰收纳,50013864
123596001,佛珠/木质手串,50013864
50014850,网店服务,50014811
50014851,云计算,50014811
50014852,程序/软件开发,50014811
50014853,多媒体/摄影,50014811
50014855,物流服务,50014811
50003853,其它服务,50014811
50003316,软件cd-key/序列号,50014811
50019286,充值平台软件/加款卡,50014811
50011150,其它,50023724
50023725,邮费,50023724
50023726,新品预览,50023724
50023727,定金,50023724
50023728,赠品,50023724
50023729,订单,50023724
50025832,搭配商品,50023724
124988005,有价优惠券,50023724
126254001,测试专用勿发商品,50023724
50018647,流量推广,50017652
50019810,促销管理,50017652
50018578,商品管理,50017652
50018588,店铺装修,50017652
50018444,大数据应用,50017652
50018348,内容服务,50017652
50018641,客服工具,50017652
50018838,运营服务,50017652
50018354,仓配物流,50017652
50018447,其他服务,50017652
50020145,质检品控,50017652
50019805,买家服务,50017652
50019809,配送安装服务,50017652
50018440,设计服务,50017652
50019807,淘宝客工具,50017652
50023121,工具套餐,50017652
50050664,服务套餐,50017652
50244003,无线,50017652
50232004,聚石塔,50017652
50496011,客户关系管理,50017652
50496012,企业内部管理,50017652
50524011,订单管理,50017652
50664004,服务市场其他,50017652
121574001,开发者服务,50017652
121584005,阿里云服务,50017652
122030001,千牛插件市场,50017652
122108006,应用伴侣,50017652
122652008,电商O2O服务,50017652
124470012,支付宝服务,50017652
124752001,租赁服务,50017652
124770003,内购服务,50017652
125076002,大数据类目,50017652
125036004,金融服务,50017652
125114028,村淘三方服务,50017652
50680004,客服外包,50017652
124254006,培训咨询,50017652
124254008,商家咨询,50017652
50676007,全网营销服务,50017652
124474004,代运营服务,50017652
125348004,安全保护,50017652
125426001,专有云-输出项目,50017652
125450004,飞猪,50017652
125710014,阿里云线下服务,50017652
125918001,翻译服务,50017652
126002001,软件定制服务,50017652
126308006,包装服务,50017652
126254005,企业财税服务,50017652
126370003,企业管理服务,50017652
126498020,速卖通服务,50017652
127026001,品牌服务,50017652
127210005,外贸服务市场,50017652
50684001,新房,50023575
121744004,租房（发布仅限杭州、广州）,50023575
121738002,二手房（发布仅限杭州、广州）,50023575
50023720,OTC药品,50023717
50023721,医疗器械,50023717
50024153,计生用品,50023717
50120006,医疗健康服务,50023717
50408001,保健用品,50023717
124984002,国际医药,50023717
50112001,女装,50023878
50122001,男装,50023878
125516002,房屋租赁,50023878
125512003,技能服务,50023878
50025242,相机/摄像机,50023878
50025240,电脑/电脑配件,50023878
50025243,数码3C产品,50023878
50104002,鞋包配饰,50023878
50025250,美容/美颜/香水,50023878
50025244,家居/日用品,50023878
50025245,家用电器/影音设备,50023878
50190001,奢侈品转让,50023878
50025247,母婴/儿童用品/玩具,50023878
50025255,汽摩/电动车/自行车,50023878
50025253,宠物/宠物用品,50023878
50025251,书刊音像/文体用品,50023878
50025249,服装/服饰,50023878
50025254,生活服务/票务/卡券,50023878
124458004,二手汽车,50023878
50025248,珠宝/黄金/手表,50023878
50025252,艺术品/收藏品/古董古玩,50023878
50023914,其他闲置,50023878
50026696,专业回收,50023878
125952001,话题/帖子,50023878
125956001,农用物资,50023878
125938002,生鲜水果,50023878
125948002,禁发闲置,50023878
125920003,童鞋,50023878
125938003,园艺植物,50023878
125958001,五金工具,50023878
125952002,电子零件,50023878
125960001,动漫/周边,50023878
50025452,宠物/用品,50023878
50025261,网络设备,50023878
50025432,服饰配件,50023878
50025403,家装/建材,50023878
50025404,家纺布艺,50023878
50025427,珠宝首饰,50023878
50025426,钟表眼镜,50023878
50025449,古董收藏,50023878
50124001,女士鞋靴,50023878
50122002,箱包,50023878
50112002,男士鞋靴,50023878
50025446,办公用品,50023878
50025395,游戏设备,50023878
50025441,图书音像,50023878
50025445,运动户外,50023878
50025461,票务娱乐,50023878
50232001,工艺礼品,50023878
50025418,玩具乐器,50023878
50025419,母婴用品,50023878
50025417,童装,50023878
50114004,女士服装,50023878
50025401,家具,50023878
50025402,居家日用,50023878
50025413,家用电器,50023878
50025435,个护美妆,50023878
50025437,保健护理,50023878
50025466,摩托车/用品,50023878
50025467,自行车/用品,50023878
50025464,汽车/用品,50023878
50025465,电动车/用品,50023878
50025387,3C数码,50023878
50106003,男士服装,50023878
50025386,手机,50023878
127086007,长租房源,50023878
127222005,短租房源,50023878
127218006,其它房源,50023878
127312005,闲鱼优品,50023878
127322015,闲鱼清仓,50023878
50024187,车险,50024186
50050401,交易保障险种(不展示),50024186
50216001,理财保险,50024186
50842002,非车险,50024186
121244001,保单交易,50024186
123236002,取消险,50024186
123476001,预定取消险,50024186
123902002,旅行险（新）,50024186
123894007,意外险（新）,50024186
123904002,健康险（新）,50024186
123898003,人寿险（新）,50024186
123890003,财产险（新）,50024186
124710025,健康医药,50024612
50011555,二手车拍卖,50024971
50018718,新车定金,50024971
50024973,新车全款,50024971
50050566,认证二手车,50024971
123808003,二手大客车/工程车/货车等,50024971
124232008,二手轿车/小客车/越野车,50024971
124434001,试驾,50024971
124632001,汽车分期,50024971
124768001,整车特卖（专用）,50024971
124874007,整车特卖（分期专用）,50024971
125936001,二手车帮卖,50024971
126242002,整车直租,50024971
50025007,日用/装饰定制,50025004
50388003,办公/文具定制,50025004
50025008,数码配件定制,50025004
50025009,服饰箱包定制,50025004
50014854,设计服务,50025004
50025010,饰品定制,50025004
50025012,其它定制,50025004
140701,照片冲印,50025004
50510011,包装用品定制,50025004
125030002,检验检测,50025004
50019077,电影票,50025110
50019086,传统体育赛事,50025110
50019084,演出,50025110
50082008,电影/演出周边,50025110
127426001,体育赛事,50025110
127388004,展览/活动,50025110
50050348,基金,50025618
50172001,银行理财,50025618
50012487,家庭环境清洁剂,50025705
50018971,家私/皮具护理品,50025705
50018975,衣物清洁剂/护理剂,50025705
50018960,室内除臭/芳香用品,50025705
2165,香熏用品,50025705
50016889,卫生巾/护垫/成人尿裤,50025705
50012473,纸品/湿巾,50025705
210207,驱虫用品,50025705
50458018,身体清洁,50025705
50464015,头发清洁/护理/造型,50025705
50022679,面膜/眼膜,50025705
50456019,身体护理,50025705
50448024,口腔护理,50025705
50448025,面部清洁/护理,50025705
50460022,其它,50025705
50025969,房产,50025968
50025970,土地,50025968
50025971,资产,50025968
50025972,机动车,50025968
50025973,林权,50025968
50025974,矿权,50025968
50025975,工程,50025968
50025976,其他,50025968
122406001,无形资产,50025968
125088031,股权,50025968
125228021,船舶,50025968
123378001,海外膳食营养补充食品,50026800
123454001,保健食品,50026800
125014001,特殊用途膳食食品,50026800
125046003,普通膳食营养食品,50026800
50050371,海鲜/水产品/制品,50050359
50050372,生肉/肉制品,50050359
50050643,熟食/凉菜/私房菜,50050359
50010566,新鲜蔬菜/蔬菜制品,50050359
50025680,腌制蔬菜/泡菜/酱菜/脱水蔬菜,50050359
50012382,蛋/蛋制品,50050359
50050725,水果制品,50050359
50024607,新鲜蛋糕,50050359
122666001,新鲜水果,50050359
123222007,冰淇淋/冻品,50050359
127212001,半成品菜,50050359
50003794,摩托车整车,50074001
122488002,沙滩车,50074001
50078001,摩托车配件,50074001
50070004,摩托车骑士装备,50074001
50078002,摩托车装饰养护,50074001
261407,其他摩托车用品,50074001
122968007,摩托车实体服务,50074001
123516002,船舶/装备/配件,50074001
123540001,飞行器/装备/配件,50074001
50020126,网络店铺代金券,50158001
50160001,淘宝店铺优惠券,50158001
50160002,天猫店铺优惠券,50158001
50232002,电保包,50230002
50242002,延保,50230002
50242003,物流服务,50230002
50234002,服务卡,50230002
50246001,其它,50230002
50558001,全国联保,50230002
50790040,无品牌全国联保,50230002
124230018,汽车服务,50230002
124588001,质保服务,50230002
125242011,保险服务,50230002
126504006,汽车服务联盟,50230002
127812002,生活服务,50230002
50458021,国内景点门票(包括港澳台)禁发,50454031
50017087,景点门票（发布已关闭）,50454031
50136001,聚划算专用（团购）,50454031
123052001,国内套票联票(含港澳台) 票+票,50454031
124866006,国内门票(原境内景点电子门票),50454031
125424001,境内周边游,50454031
50496015,配件,50468001
121474002,怀表,50468001
121454006,国产腕表,50468001
124688012,瑞士腕表,50468001
124942005,日韩腕表,50468001
124986002,欧美腕表,50468001
125026010,智能腕表,50468001
126232001,实体服务,50468001
50023096,单肩背包,50510002
50023100,运动鼓包/旅行包,50510002
50014493,双肩背包,50510002
50015943,防雨罩/背包配件,50510002
50014503,挎包/拎包/休闲包,50510002
50014496,户外摄影包,50510002
50015374,运动袜,50510002
50019690,鞋垫,50510002
50015371,头巾/遮耳,50510002
50015372,围巾/围脖,50510002
50015373,雪套/套脚,50510002
50015370,手套,50510002
50018244,腰带,50510002
50018245,贴章/魔术贴章,50510002
50015376,其他服饰配件,50510002
50015377,雨衣/雨裤/雨披,50510002
50015369,运动帽,50510002
50516004,运动护具,50510002
50522001,运动水壶,50510002
121386020,手包,50510002
121384022,腰包,50510002
121456019,钱包卡套,50510002
121398019,旅行箱包,50510002
121462024,收纳配件包,50510002
121434026,防水箱包,50510002
121416021,鞋带,50510002
121478018,鞋油,50510002
121400019,腿套,50510002
121380022,运动首饰,50510002
50013003,葡萄酒,50008141
50008144,国产白酒,50008141
50008147,黄酒,50008141
50008145,配制酒/果酒,50008141
50008146,啤酒,50008141
50008148,其他酒类,50008141
50514003,洋酒,50008141
123502002,保健食品酒,50008141
50782038,其他资产,50734010
50782040,无形资产,50734010
50782039,设备资产,50734010
50778039,不动产,50734010
50786032,交通运输设备,50734010
50026420,家政服务,50025111
50592011,房屋维修,50025111
50316001,3C数码服务,50025111
50050489,便民服务,50025111
50050519,家电相关服务,50025111
50598011,特色服务,50025111
50050464,家居配送/安装/维修,50025111
50050520,家居装修施工/设计,50025111
50025133,汽车服务,50025111
50604005,其他,50025111
50014923,广告制作/传统印刷/打印/复印,50025111
50014929,商务服务,50025111
122412001,法律服务,50025111
123738006,服务卡,50025111
50594001,多媒体服务,50025111
50582002,开发/建站服务,50025111
50590001,文字类服务,50025111
50676001,代购,50025111
124420006,在线清洗/洗衣券,50025111
124720007,美甲/美容服务,50025111
124710016,特色上门服务,50025111
127350001,服装服饰售后服务,50025111
122730001,鞋配件,122650005
50012341,运动鞋,122650005
50132002,亲子鞋,122650005
50012353,雨靴,122650005
50012342,皮鞋,122650005
50012351,传统布鞋/手工编织鞋,122650005
50012343,帆布鞋,122650005
50012345,学步鞋,122650005
50012346,凉鞋,122650005
50012349,拖鞋,122650005
50012348,棉鞋,122650005
50012347,靴子/雪地靴,122650005
50017903,舞蹈鞋,122650005
127218010,婴儿步前鞋,122650005
200584005,板鞋,122650005
122732001,自行车整车,122684003
122736001,骑行服饰/骑行装备,122684003
122740001,自行车/单车装备,122684003
122738001,自行车零/配件,122684003
122742001,自行车修车工具,122684003
124524012,自行车活动/赛事,122684003
125280018,自行车实体服务,122684003
122656008,普通诊察,122718004
122642004,康复辅助,122718004
122632010,急救护理,122718004
122624007,计生避孕,122718004
122946001,十字绣及工具配件,122852001
122874003,刺绣套件,122852001
122920002,坐垫/椅垫/沙发垫,122852001
122880002,防尘保护罩,122852001
122918003,窗帘门帘及配件,122852001
122950002,餐桌布艺,122852001
122954001,缝纫DIY材料、工具及成品,122852001
50000583,地垫,122852001
50000582,地毯,122852001
50000584,挂毯/壁毯,122852001
213002,靠垫/抱枕,122852001
50005033,海绵垫/布料/面料/手工diy,122852001
50010103,毛巾/浴巾/浴袍,122852001
50012051,家居拖鞋/凉拖/棉拖/居家鞋,122852001
121466010,其他/配件/DIY/缝纫,122852001
122968002,灯,122950001
122998001,婚庆布景/道具,122950001
122956002,气球/飘空气球,122950001
123000001,圣诞用品/礼品/装饰品,122950001
122968003,创意礼品,122950001
50005250,喜字/剪纸/贴纸,122950001
50005251,席位卡,122950001
50021420,装饰灯,122950001
50018426,蜡烛,122950001
50018427,面具,122950001
50018424,拉花,122950001
50018425,礼花/礼炮,122950001
50007278,新娘配件,122950001
50021419,毛条,122950001
50007125,贺卡/卡片,122950001
50010020,请柬,122950001
50010021,红包/利是封,122950001
50010042,糖盒/糖盒配件,122950001
50010022,礼金簿/签名册,122950001
50021413,对联,122950001
50021415,挂饰/生肖挂饰,122950001
50021417,灯笼,122950001
50025861,角色扮演类用品,122950001
50025860,装扮用品,122950001
50025865,整蛊用品,122950001
50025863,荧光棒,122950001
50025862,充气用品,122950001
50025858,门幅,122950001
50023063,生肖用品,122950001
50023052,喷彩/喷雪,122950001
50023061,节庆布艺用品,122950001
50025859,哨子,122950001
50023060,中国结,122950001
124546013,文化创意用品,122950001
122996002,杯子/水杯/水壶,122952001
123002001,餐具,122952001
123004001,茶具,122952001
122974003,咖啡器具,122952001
123006001,酒壶/酒杯/酒具,122952001
123008001,保鲜容器/保鲜器皿,122952001
122970002,一次性餐桌用品,122952001
50000346,其它,122952001
122964001,家庭收纳用具,122928002
122958002,家庭整理用具,122928002
50025945,其他收纳,122928002
122950008,衣物洗/晒/护理用具,122928002
123016002,家庭防尘用具,122928002
123576001,土地,123500005
123578001,机动车,123500005
123580001,机械设备,123500005
123582001,知识产权,123500005
123584001,无形资产,123500005
123582002,其他资产,123500005
123584002,债权,123500005
123586001,股权,123500005
123564002,房产,123500005
125074003,加贸边角料,123500005
126242006,矿权,123500005
126254003,船舶,123500005
126332001,工程,123500005
126252003,林权,123500005
127110002,通信设备,123500005
127076005,奢侈品,123500005
127080005,农资产品,123500005
123576001,土地,123500005
123578001,机动车,123500005
123580001,机械设备,123500005
123582001,知识产权,123500005
123584001,无形资产,123500005
123582002,其他资产,123500005
123584002,债权,123500005
123586001,股权,123500005
123564002,房产,123500005
125074003,加贸边角料,123500005
126242006,矿权,123500005
126254003,船舶,123500005
126332001,工程,123500005
126252003,林权,123500005
127110002,通信设备,123500005
127076005,奢侈品,123500005
127080005,农资产品,123500005
124078001,贝母类,123690003
124082001,参类,123690003
124084001,蜂产品,123690003
124076002,红花类,123690003
124086001,菊花类,123690003
124090001,莲子类,123690003
124092001,生姜类,123690003
124094001,地黄类,123690003
124096001,银花类,123690003
124090002,紫苏类,123690003
124102002,八角茴香,123690003
124126002,小茴香,123690003
124090005,巴戟天,123690003
124104002,白扁豆,123690003
124130002,白果,123690003
124136001,白及,123690003
124086002,白茅根,123690003
124106004,白芍,123690003
124138001,白术,123690003
124092003,白芷,123690003
124094002,百合,123690003
124140001,柏子仁,123690003
124090006,薄荷,123690003
124138002,荜茇,123690003
124080002,鳖甲,123690003
124118003,补骨脂,123690003
124094003,布渣叶,123690003
124134002,苍术,123690003
124130003,草果,123690003
124126003,侧柏叶,123690003
124120002,车前草,123690003
124130004,车前子,123690003
124142001,赤芍,123690003
124100002,赤小豆,123690003
124138003,川芎,123690003
124142002,刺五加,123690003
124126004,淡豆豉,123690003
124134003,淡竹叶,123690003
124088002,当归,123690003
124144001,刀豆,123690003
124096005,地骨皮,123690003
124126005,丁香,123690003
124108003,母丁香,123690003
124142003,冬虫夏草,123690003
124098002,豆蔻,123690003
124100003,杜仲,123690003
124142004,杜仲叶,123690003
124130005,番泻叶,123690003
124122002,榧子,123690003
124082002,粉葛,123690003
124146001,佛手,123690003
124078002,茯苓,123690003
124128003,蝮蛇,123690003
124072002,甘草,123690003
124084002,高良姜,123690003
124118004,葛根,123690003
124100004,枸杞子,123690003
124104003,广金钱草,123690003
124090007,龟甲,123690003
124142005,蛤蚧,123690003
124088003,海马,123690003
124126006,诃子,123690003
124082003,毛诃子,123690003
124120003,何首乌,123690003
124124003,荷叶,123690003
124128004,胡椒,123690003
124108004,黑芝麻,123690003
124078003,红景天,123690003
124074003,厚朴,123690003
124132002,厚朴花,123690003
124122003,葫芦巴,123690003
124088004,槐花,123690003
124110003,芥子,123690003
124102003,黄精,123690003
124102004,黄芪,123690003
124124004,黄芩,123690003
124148001,火麻仁,123690003
124086003,藿香,123690003
124120004,鸡内金,123690003
124140002,蒺藜,123690003
124116003,姜黄,123690003
124110004,金钱草,123690003
124100005,金荞麦,123690003
124084003,金樱子,123690003
124098003,桔梗,123690003
124114005,橘红,123690003
124126007,化橘红,123690003
124090008,菊苣,123690003
124086004,莱菔子,123690003
124084004,决明子,123690003
124082004,昆布,123690003
124142006,灵芝,123690003
124120005,龙眼肉,123690003
124092004,芦根,123690003
124110005,芦荟,123690003
124138004,鹿茸,123690003
124128005,罗布麻叶,123690003
124136002,罗汉果,123690003
124102005,马齿苋,123690003
124072003,麦冬,123690003
124096006,麦芽,123690003
124080003,玫瑰花,123690003
124098004,墨旱莲,123690003
124116004,牡丹皮,123690003
124078005,牡蛎,123690003
124088005,木瓜,123690003
124074004,木香,123690003
124130006,木贼,123690003
124142007,牛蒡子,123690003
124098005,牛膝,123690003
124080004,胖大海,123690003
124108005,佩兰,123690003
124138005,蒲公英,123690003
124148002,蒲黄,123690003
124116005,芡实,123690003
124080005,茜草,123690003
124138006,青果,123690003
124122004,青皮,123690003
124094004,肉豆蔻,123690003
124124005,肉桂,123690003
124090009,三七,123690003
124134004,桑椹,123690003
124076005,桑叶,123690003
124084005,沙棘,123690003
124116006,沙苑子,123690003
124134005,砂仁,123690003
124116007,山柰,123690003
124098006,山药,123690003
124122005,山楂,123690003
124130007,山茱萸,123690003
124136003,升麻,123690003
124098007,石决明,123690003
124078006,大黄,123690003
124104004,松花粉,123690003
124120006,酸枣仁,123690003
124106005,核桃仁,123690003
124126008,桃仁,123690003
124120007,天冬,123690003
124130008,天麻,123690003
124074005,天山雪莲,123690003
124112004,铁皮石斛,123690003
124112005,土茯苓,123690003
124104005,菟丝子,123690003
124112006,乌梅,123690003
124078007,乌梢蛇,123690003
124128006,吴茱萸,123690003
124146002,五加皮,123690003
124130009,五味子,123690003
124120008,夏枯草,123690003
124104006,香薷,123690003
124134006,小蓟,123690003
124100006,薤白,123690003
124112007,苦杏仁,123690003
124134007,益母草,123690003
124108006,益智,123690003
124072004,薏苡仁,123690003
124132003,银杏叶,123690003
124096007,余甘子,123690003
124110006,鱼腥草,123690003
124110007,玉竹,123690003
124134008,郁李仁,123690003
124110008,远志,123690003
124076006,大枣,123690003
124118005,泽兰,123690003
124136004,泽泻,123690003
124134009,珍珠粉,123690003
124142008,知母,123690003
124134010,栀子,123690003
124136005,枳壳,123690003
124080006,枳实,123690003
124116008,竹茹,123690003
124168005,阿胶,123690003
124248005,威灵仙,123690003
125072002,陈皮,123690003
125078011,绞股蓝,123690003
125060007,菝葜,123690003
125054008,白前,123690003
125036013,白鲜皮,123690003
125046014,百部,123690003
125094005,板蓝根,123690003
125080010,半枝莲,123690003
125024012,白薇,123690003
125052012,萹蓄,123690003
125054009,槟榔,123690003
125106007,蝉蜕,123690003
125038009,炒稻芽,123690003
125080011,炒僵蚕,123690003
125104013,沉香类,123690003
125050014,茺蔚子,123690003
125096005,川牛膝,123690003
125058012,穿山龙,123690003
125042007,穿心莲,123690003
125022015,垂盆草,123690003
125040009,醋柴胡,123690003
125056008,醋没药,123690003
125052013,醋乳香,123690003
125060009,醋三棱,123690003
125050016,醋乌药,123690003
125042008,醋香附,123690003
125092007,醋延胡索,123690003
125080015,大青叶,123690003
125100008,大血藤,123690003
125096008,稻芽,123690003
125040010,地锦草,123690003
125058013,地榆,123690003
125026013,独活,123690003
125026014,煅磁石,123690003
125058014,煅蛤壳,123690003
125098007,煅炉甘石,123690003
125084012,煅瓦楞子,123690003
125030013,煅自然铜,123690003
125092008,鹅不食草,123690003
125042009,法半夏,123690003
125094007,翻白草,123690003
125080016,防风,123690003
125032009,防己,123690003
125020013,浮萍,123690003
125046015,藁本,123690003
125040011,钩藤,123690003
125098008,桂枝,123690003
125044016,海金沙,123690003
125052014,海螵蛸,123690003
125054011,海藻,123690003
125038010,合欢花,123690003
125074014,合欢皮,123690003
125054012,黑豆,123690003
125110007,胡黄连,123690003
125022017,虎杖,123690003
125020014,黄连,123690003
125024014,鸡骨草,123690003
125072012,鸡冠花,123690003
125084013,鸡血藤,123690003
125114006,姜半夏,123690003
125024015,焦槟榔,123690003
125100009,金果榄,123690003
125042010,荆芥,123690003
125114007,荆芥炭,123690003
125052015,酒苁蓉,123690003
125038011,酒黄连,123690003
125100010,酒女贞子,123690003
125110008,酒萸肉,123690003
125084014,橘核,123690003
125092010,老鹤草,123690003
125104014,荔枝核,123690003
125074015,凌霄花,123690003
125042013,鹿衔草,123690003
125092011,络石藤,123690003
125052016,马鞭草,123690003
125112010,蔓荆子,123690003
125060010,密蒙花,123690003
125074016,蜜百部,123690003
125112011,蜜款冬花,123690003
125034014,蜜枇杷叶,123690003
125044017,蜜前胡,123690003
125080017,蜜紫菀,123690003
125058015,木蝴蝶,123690003
125074017,女贞子,123690003
125106009,枇杷叶,123690003
125078013,千年健,123690003
125088009,前胡,123690003
125038012,羌活,123690003
125022019,秦皮,123690003
125084015,青风藤,123690003
125060011,青蒿,123690003
125046016,青礞石,123690003
125036014,忍冬藤,123690003
125112012,乳香,123690003
125092012,三棱,123690003
125042014,桑白皮,123690003
125024016,桑寄生,123690003
125046017,桑螵蛸,123690003
125030014,射干,123690003
125058016,石菖蒲,123690003
125098010,石膏,123690003
125076006,石斛,123690003
125020015,石榴皮,123690003
125072013,石韦,123690003
125048013,使君子,123690003
125076007,首乌藤,123690003
125046018,水牛角,123690003
125110009,丝瓜络,123690003
125112013,苏木,123690003
125032010,锁阳,123690003
125092013,天花粉,123690003
125080018,葶苈子,123690003
125048014,土荆皮,123690003
125096009,五倍子,123690003
125098011,仙鹤草,123690003
125026015,小通草,123690003
125100011,辛夷,123690003
125046019,徐长卿,123690003
125088010,续断,123690003
125076008,旋覆花,123690003
125106010,延胡索,123690003
125060012,盐韭菜子,123690003
125036015,盐橘核,123690003
125040012,盐荔枝核,123690003
125078014,茵陈,123690003
125076009,银柴胡,123690003
125056011,淫羊藿,123690003
125040013,郁金,123690003
125112014,皂角刺,123690003
125056012,珍珠母,123690003
125078015,肿节风,123690003
125050017,猪苓,123690003
125094009,紫草,123690003
125040014,紫花地丁,123690003
125036016,紫菀,123690003
125056013,白丑,123690003
125040016,白豆蔻,123690003
125084022,白胡椒,123690003
125038016,白头翁,123690003
125042015,扁豆衣,123690003
125038018,炒芥子,123690003
125072021,炒莱菔子,123690003
125098017,炒牛蒡子,123690003
125050020,炒蒲黄,123690003
125022032,炒桑枝,123690003
125034017,炒紫苏子,123690003
125054015,赤石脂,123690003
125034018,刺猬皮,123690003
125078021,大蓟炭,123690003
125042016,灯心草,123690003
125046023,地耳草,123690003
125060014,地榆炭,123690003
125106015,煅石膏,123690003
125098018,煅阳起石,123690003
125022033,煅赭石,123690003
125042017,煅珍珠母,123690003
125072023,煅紫贝齿,123690003
125054016,儿茶,123690003
125040018,凤凰衣,123690003
125100017,凤尾草,123690003
125030020,佛耳草,123690003
125046025,葛花,123690003
125112018,功劳木,123690003
125026021,瓜蒌,123690003
125092018,瓜子金,123690003
125042018,贯众炭,123690003
125110017,海风藤,123690003
125032014,海浮石,123690003
125100018,海龙,123690003
125098019,海桐皮,123690003
125058025,寒水石,123690003
125094013,黑丑,123690003
125054017,槲寄生,123690003
125080025,花生衣,123690003
125022034,淮小麦,123690003
125084026,黄柏,123690003
125104022,降香,123690003
125036021,焦六曲,123690003
125084027,金礞石,123690003
125060016,九节菖蒲,123690003
125058026,九香虫,123690003
125100019,橘络,123690003
125026022,卷柏,123690003
125074023,枯矾,123690003
125102016,辣蓼,123690003
125034020,莲房炭,123690003
125054018,漏芦,123690003
125106016,炉甘石,123690003
125038026,马宝,123690003
125082013,马勃,123690003
125084031,猫爪草,123690003
125104025,毛冬青,123690003
125088022,蜜蒙花,123690003
125080029,糯稻根,123690003
125048024,藕节炭,123690003
125096014,片姜黄,123690003
125056021,蒲黄炭,123690003
125048025,千里光,123690003
125042021,青木香,123690003
125098022,青箱子,123690003
125098023,秋石,123690003
125076015,瞿麦,123690003
125096015,蛇莓,123690003
125098024,蛇蜕,123690003
125050023,石见穿,123690003
125050024,石莲子,123690003
125038027,石上柏,123690003
125060023,熟大黄,123690003
125112023,水飞蓟,123690003
125038028,水红花子,123690003
125056022,桃花,123690003
125106017,田基黄,123690003
125088023,铁树叶,123690003
125046031,土牛膝,123690003
125110022,乌药,123690003
125024027,香橼,123690003
125040023,玄精石,123690003
125054021,血竭,123690003
125044026,阳起石,123690003
125074027,叶下珠,123690003
125022039,夜交藤,123690003
125074028,夜明砂,123690003
125036030,一枝黄花,123690003
125100023,阴起石,123690003
125044027,银礞石,123690003
125080030,禹娘石,123690003
125054024,钟乳石,123690003
125102018,猪秧秧,123690003
125044028,苎麻根,123690003
125030022,紫贝齿,123690003
125058030,紫荆皮,123690003
125032018,紫珠叶,123690003
125078027,怀牛膝,123690003
125036032,通草,123690003
125048027,紫石英,123690003
125054025,鸭跖草,123690003
125048028,蚕砂,123690003
125104028,白蔹,123690003
125036033,谷精草,123690003
125098032,八月札,123690003
125044029,大蓟,123690003
125106019,半边莲,123690003
125022040,自然铜,123690003
125076019,茯苓皮,123690003
125098033,葫芦壳,123690003
125054026,烫骨碎补,123690003
125100025,僵蚕,123690003
125080034,贯众,123690003
125020023,木贼草,123690003
125096017,龙葵,123690003
125072028,墓回头,123690003
125042024,追地风,123690003
125022042,白矾,123690003
125074030,白花蛇舌草,123690003
125050027,败酱草,123690003
125052027,大青盐,123690003
125098034,地肤子,123690003
125032019,冬瓜皮,123690003
125036036,冬瓜子,123690003
125032020,冬凌草,123690003
125038030,分心木,123690003
125102021,茯神,123690003
125038031,浮小麦,123690003
125082014,狗脊,123690003
125046033,谷芽,123690003
125078031,骨碎补,123690003
125052028,鬼针草,123690003
125024032,滑石粉,123690003
125024033,韭菜子,123690003
125058036,款冬花,123690003
125058037,六神曲,123690003
125106021,龙骨,123690003
125038032,芒硝,123690003
125022043,绵萆薢,123690003
125048030,炮姜,123690003
125042025,炒牵牛子,123690003
125032021,秦艽,123690003
125052029,肉苁蓉,123690003
125080035,桑枝,123690003
125046035,伸筋草,123690003
125054028,透骨草,123690003
125106022,五灵脂,123690003
125042027,玉米须,123690003
125074031,花椒,123690003
125036037,安息香,123690003
125024035,白药子,123690003
125046036,白英,123690003
125114023,百合花,123690003
125038034,北五加皮,123690003
125102022,壁虎,123690003
125092023,扁豆,123690003
125052031,草豆蔻,123690003
125106024,柴胡,123690003
125034025,楮实子,123690003
125076020,川木通,123690003
125058040,玳玳花,123690003
125022046,玳瑁,123690003
125060027,胆矾,123690003
125104031,地龙,123690003
125040027,凤仙花,123690003
125038036,覆盆子,123690003
125110027,岗梅根,123690003
125080036,枸骨叶,123690003
125098036,关木通,123690003
125084038,琥珀,123690003
125096019,花蕊石,123690003
125052034,滑石,123690003
125050029,槐角,123690003
125088026,黄药子,123690003
125084039,积雪草,123690003
125078034,椒目,123690003
125082021,金莲花,123690003
125106028,救必应,123690003
125048031,苦丁茶,123690003
125044033,了哥王,123690003
125102024,雷丸,123690003
125020025,藜芦,123690003
125096020,蝼蛄,123690003
125056027,露蜂房,123690003
125020026,绿萼梅,123690003
125058041,没食子,123690003
125100027,礞石,123690003
125046038,木耳,123690003
125026032,藕节,123690003
125050030,青黛,123690003
125052037,神曲,123690003
125046041,苏合香,123690003
125054034,檀香,123690003
125060029,天葵子,123690003
125052039,天竺黄,123690003
125076021,土大黄,123690003
125022050,瓦松,123690003
125030030,无花果,123690003
125034031,芜荑,123690003
125080044,杏仁,123690003
125096024,雄蚕蛾,123690003
125024037,玄明粉,123690003
125074038,饴糖,123690003
125104036,禹余粮,123690003
125026033,月季花,123690003
125036042,月见草,123690003
125040032,云母,123690003
125042036,珍珠,123690003
125074039,珍珠草,123690003
125036043,珠子参,123690003
125052040,竹叶,123690003
125040034,独一味,123690003
125088029,炒瓜蒌子,123690003
125050035,荜澄茄,123690003
125036044,甘松,123690003
125058045,北刘寄奴,123690003
125038039,炒白芍,123690003
125050036,炒鸡内金,123690003
125092026,炒苦杏仁,123690003
125100032,炒麦芽,123690003
125104037,炒酸枣仁,123690003
125056032,炒桃仁,123690003
125082029,炒葶苈子,123690003
125096025,炒王不留行,123690003
125080049,椿皮,123690003
125044038,刺梨,123690003
125026034,醋鳖甲,123690003
125048036,醋莪术,123690003
125112033,醋南柴胡,123690003
125020029,醋青皮,123690003
125106034,醋五灵脂,123690003
125078036,醋五味子,123690003
125056033,醋郁金,123690003
125030031,大皂角,123690003
125050037,冬葵果,123690003
125048037,杜仲炭,123690003
125082030,煅牡蛎,123690003
125050038,煅石决明,123690003
125036047,飞扬草,123690003
125076023,粉萆薢,123690003
125076024,麸炒白术,123690003
125040035,麸炒苍术,123690003
125084046,麸炒山药,123690003
125022054,麸炒薏苡仁,123690003
125102027,麸炒枳壳,123690003
125098040,麸炒枳实,123690003
125074042,鬼箭羽,123690003
125030032,蛤壳,123690003
125034033,蛤蟆油,123690003
125074043,红芪,123690003
125080050,槐米,123690003
125072034,焦谷芽,123690003
125060031,焦山楂,123690003
125082031,焦栀子,123690003
125088032,荆芥穗,123690003
125020030,酒当归,123690003
125092027,连翘(老翘),123690003
125054037,龙胆,123690003
125110030,鹿角,123690003
125104038,鹿角霜,123690003
125112034,蜜桑白皮,123690003
125044039,蜜远志,123690003
125034034,清半夏,123690003
125080051,柿蒂,123690003
125112035,松节,123690003
125040036,藤梨根,123690003
125100033,豨莶草,123690003
125026035,盐杜仲,123690003
125050039,盐菟丝子,123690003
125100034,盐小茴香,123690003
125098041,野葛,123690003
125022055,赭石,123690003
125088033,蒸槐角,123690003
125082032,制何首乌,123690003
125110031,炙甘草,123690003
125022056,猪胆粉,123690003
125112036,棕榈,123690003
125036048,棕榈炭,123690003
125044040,酒黄芩,123690003
124494007,农药,124024001
124480013,肥料,124024001
124506008,种植机械,124024001
124504006,饲料,124024001
124510008,种子/种苗,124024001
124508007,种植器具,124024001
124482008,兽药,124024001
124550005,农膜大棚,124024001
124608001,农业服务,124024001
125222014,动物幼苗,124024001
125236012,养殖设备,124024001
125360003,农用运输车辆,124024001
125346004,产业链金融项目,124024001
127224007,农资有价优惠券,124024001
50008351,台式整机,124044001
50018323,一体机,124044001
50010605,服务器/Server,124044001
50010613,工作站,124044001
124052001,定制柜类,124050001
124058003,整体厨柜及配件,124050001
124064001,定制淋浴房,124050001
124010002,定制衣柜,124050001
50020906,地暖/暖气片/散热器,124050001
50022263,楼梯,124050001
50022357,门,124050001
50020421,窗,124050001
50020615,榻榻米空间,124050001
124486001,整体吊顶定制,124050001
124710019,整装定制,124050001
124718015,定制背景墙,124050001
124688027,定制护墙板,124050001
125034036,电子凭证（测试用）,124050001
125174010,全屋空间定制,124050001
50019835,集成吊顶,124050001
50022271,地板,124050001
124096010,智能摄像,124242008
124088007,智能配饰,124242008
124130011,智能健康,124242008
124102008,运动跟踪器,124242008
124138007,智能眼镜/VR头盔,124242008
124086006,智能手表,124242008
120878006,智能手环,124242008
124146004,其他智能设备,124242008
124246008,智能设备配件,124242008
124710024,智能家庭,124242008
124698020,智能机器人,124242008
124708025,智能飞行,124242008
125082033,智能出行,124242008
126498025,智能翻译机,124242008
124386001,电动车整车,124354002
124332005,电动车实体服务,124354002
122660002,电动车装备区,124354002
122650004,电动车维修工具,124354002
122682001,电动车零/配件,124354002
124464006,种子/种苗,124466001
124486002,农药,124466001
124492003,肥料,124466001
124492004,农技服务,124466001
124494003,农业机械,124468001
124490003,农业工具,124468001
124468004,农膜/篷布/遮网/大棚,124468001
124476007,饲料,124470001
124486006,畜牧/养殖设备,124470001
124470011,畜牧/养殖服务,124470001
124724008,动物保健品/兽药,124470001
124708030,平行进口车,124470006
124778001,二手整车（经销商）,124470006
125058010,汽车分期（经销商）,124470006
125034011,汽车分期（经销商特卖）,124470006
124760001,整车特卖(经销商),124470006
125080001,新车定金(经销商),124470006
124872002,新车全款(经销商),124470006
126228002,整车直租(经销商),124470006
124472004,Cosplay服饰/道具/服务,124484008
124462006,影视/明星周边,124484008
124506004,聚会/魔术/演出用品,124484008
124488008,棋牌/桌游,124484008
50002506,模型制作工具/辅料耗材,124484008
50015988,游戏实物周边,124484008
122680006,卡通/动漫周边,124484008
122620013,手办/扭蛋/人偶/BJD/兵人,124484008
121370001,动漫游戏展/演出票,124484008
50016058,高达/机甲模型/机器人/变形类,124484008
124634003,专业航模/车船模/军模/无人机,124484008
124732011,纸模/纸质模型,124484008
125052004,文化/体育周边,124484008
126458017,二次元洛丽塔,124484008
126516018,二次元古风服装,124484008
124386002,红茶（新）,124458005
50598001,普洱,124458005
124508011,白茶(新),124458005
124636001,绿茶（新）,124458005
50016235,黄茶,124458005
124392002,乌龙茶（新）,124458005
124388001,代用/花草/水果/再加工茶,124458005
124494008,黑茶(新),124458005
124700014,家装设计师,124568010
124752009,设计套餐,124568010
124748016,女装,124750013
124688013,男装,124750013
124752017,内衣/家居服,124750013
124750014,鞋,124750013
124704012,包,124750013
124708018,儿童,124750013
124716013,体用/户外,124750013
124754008,家居家纺,124750013
124712012,配饰,124750013
124850005,半包套餐,124698018
124864003,全包套餐,124698018
125080048,房产,124844002
126524016,资产交易服务,124844002
127602001,玉翠珠宝,124844002
127604001,奢侈品,124844002
127608001,影视娱乐,124844002
127612001,动漫游戏,124844002
127614001,玩具,124844002
127616001,水墨篆刻,124844002
127618001,西画雕塑,124844002
127620001,紫砂陶瓷,124844002
127622001,工艺品,124844002
127624001,文玩收藏,124844002
127612002,茶叶,124844002
127626001,酒,124844002
127616002,汽车,124844002
127628001,国际业务,124844002
127608002,匠人手作,124844002
126776057,3C数码,124868003
126196044,一次性用品,124868003
126776056,个人护理/保健/按摩器材,124868003
126196050,中餐,124868003
124900025,五道口加工服务,124868003
126776062,五金/汽车用品,124868003
126196037,仓储配送物资类,124868003
126776060,体育休闲用品,124868003
126196020,保健计生,124868003
126196038,公共物资类,124868003
126196053,其他菜系,124868003
126196017,冲调饮品,124868003
126196009,冷冻,124868003
126196008,冷藏,124868003
126776059,办公/文教,124868003
124900024,半成品,124868003
126196013,南北干货,124868003
126776053,厨房电器,124868003
126196034,口腔护理,124868003
127520008,坚果炒货,124868003
126776052,大家电,124868003
126196032,头发护理,124868003
126776066,女士内衣/男士内衣/家居,124868003
126196036,女性护理,124868003
126776065,女装/女士精品,124868003
126196024,婴儿洗护清洁,124868003
126196026,婴幼儿用品,124868003
126196029,婴幼家纺/服饰/配件,124868003
126196030,孕妈用品,124868003
126196021,宠物食品,124868003
126196042,家居清洁,124868003
126196025,尿裤/湿巾,124868003
127520003,巧克力,124868003
126196016,常温乳制品,124868003
126196035,彩妆,124868003
126776054,影音电器,124868003
126196031,护肤品,124868003
126196012,方便速食,124868003
126196051,日本料理,124868003
126196045,日用百货,124868003
126776063,服饰配件,124868003
127520006,果冻,124868003
127520007,果脯蜜饯,124868003
126196023,母婴奶粉,124868003
126196002,水果,124868003
126196015,水饮料,124868003
127520002,派糕点,124868003
126196005,海鲜水产,124868003
126196047,海鲜餐,124868003
126196043,清洁用品,124868003
126196007,烘焙,124868003
126196018,烟,124868003
126196006,熟食加工,124868003
126196028,玩具/图书,124868003
126776055,生活电器,124868003
126776064,男装,124868003
126196033,皮肤清洁用品,124868003
126196054,盒马外卖休闲类,124868003
126196039,盒马外卖半成品,124868003
126196052,盒马外卖正餐类,124868003
126196049,盒马工坊,124868003
126196046,社区服务,124868003
126776067,童装,124868003
126196027,童车/童床/安全,124868003
126776061,箱包,124868003
126196010,粮油米面,124868003
127520004,糖果,124868003
126196040,纸制品,124868003
126196004,肉类禽蛋,124868003
127520009,膨化食品,124868003
126196003,蔬菜,124868003
126196041,衣物清洁,124868003
126196048,西餐,124868003
126196011,调味品,124868003
126196022,辅食营养,124868003
126196014,酒,124868003
126776058,鞋,124868003
127520005,风味小食,124868003
126196055,餐饮原材料,124868003
127520001,饼干,124868003
126196001,鲜花类,124868003
125348005,盒饭原材料,124868003
125668020,盒马预售,124868003
125822001,渔市原材料,124868003
125844001,渔市,124868003
126232002,卡券/卡套,124868003
126458031,测试大类,124868003
127078001,盒马周边,124868003
127110011,专柜码商品,124868003
127840006,医疗健康,124868003
127824007,花卉宠物,124868003
127812009,家政服务,124868003
127832007,美业,124868003
127840007,汽车服务,124868003
127848006,亲子,124868003
127830010,洗护修补,124868003
127826008,休闲培训,124868003
124852006,二手手机,124852003
125436003,二手笔记本电脑,124852003
125462002,二手平板电脑,124852003
125050034,外卖（饿了么）,125102006
125260002,水果,125102006
125224006,生鲜蔬菜,125102006
125240002,超市便利店,125102006
125262002,代跑腿,125102006
125218011,家政保洁服务,125102006
125204016,美甲/美容服务,125102006
125206018,上门洗衣,125102006
125220015,上门维修,125102006
125480001,健康医药,125102006
125410001,虚拟卡,125406001
126154002,实体卡,125406001
126468001,男装,126252002
126526001,3C数码,126252002
126458006,五金工具,126252002
126522002,个护美妆,126252002
126500003,茶,126252002
126520002,家用电器,126252002
126504005,钟表眼镜,126252002
126498003,家具,126252002
126536001,珠宝首饰,126252002
126528002,童装,126252002
126534004,饮料冲调,126252002
126518010,女装,126252002
126462005,汽车/用品,126252002
126536004,清洁用品,126252002
126498005,家装建材,126252002
126496006,厨房用品,126252002
126528004,箱包,126252002
126524006,园艺绿植,126252002
126536005,母婴用品,126252002
126548001,休闲食品,126252002
126530002,工艺礼品,126252002
126526004,生鲜,126252002
126534005,办公用品,126252002
126524007,家纺布艺,126252002
126524008,居家日用,126252002
126522004,宠物/用品,126252002
126528005,乐器/配件,126252002
126536006,鞋靴/用品,126252002
126458009,粮油调味,126252002
126534006,运动户外,126252002
126518011,服饰配件,126252002
126536007,生鲜-1,126488005
126524010,粮油调味-1,126488005
126462009,休闲食品-1,126488005
126534011,饮料冲调-1,126488005
126502006,酒类-1,126488005
127076001,美家非定制,126488005
127074002,家用电器,126488005
127086001,休闲食品,126488005
127086002,生鲜,126488005
127078003,粮油调味,126488005
127080002,饮料冲调,126488005
127086003,酒类,126488005
127110008,贩卖机,126488005
127086008,母婴,126488005
127086009,美妆,126488005
127074011,家居用品,126488005
127538001,定制家装,126488005
127670025,线下专卖,126488005
126536016,药品,126488008
126536017,食品,126488008
126496012,器械,126488008
127082011,日用百货,126488008
126614001,官方加油卡/加油充值,126602002
127110001,游戏帐号,126602002
127078007,App Store直充,126602002
127898012,出行服务,126602002
50025138,代理商加油卡/加油充值,126602002
50019935,灯具灯饰,126700003
50013217,光源,126700003
126766001,各类配件,126762001
126768001,美容/美体辅助工具,126762001
126766002,美体塑身,126762001
126770001,清洁美容工具,126762001
127074003,充红包活动,127076003
127602004,气动元件/系统/装置,127492006
127616007,液压元件/系统/装置,127492006
127610003,磨具,127492006
127620005,磨料,127492006
127610004,过滤材料,127492006
127640002,机床配附件,127492006
127644003,通用五金配件,127492006
127640003,车间保护,127492006
127642002,防静电产品,127492006
127602005,管材/管件/管配件,127492006
127664002,脚轮,127492006
127680007,输送带/传送带,127492006
127654005,制动器,127492006
127672005,模具,127492006
127686003,离合器,127492006
127616005,实验室器皿,127484003
127618002,实验室器材,127484003
127628002,实验室用纸/工业用纸,127484003
127638002,生化耗材,127484003
127618003,实验室清洗灭菌,127484003
127600002,实验室设备,127484003
127662015,清洗剂,127484003
127660020,吸附剂,127484003
127688021,表面活性剂,127484003
127688022,助剂,127484003
127674021,树脂,127484003
127666019,添加剂,127484003
127692013,工业油漆/工业涂料,127484003
127694011,防锈剂/防锈油,127484003
127676018,香料/香精,127484003
127676019,染料/颜料/填料,127484003
127666020,催化剂,127484003
127680026,胶粘剂/胶水,127484003
127672011,试剂,127484003
127658011,切削液/切削油/冲压油,127484003
50021615,轴承润滑油脂,127484003
127598003,风机/排风设备,127508003
127632003,清洗/清理设备,127508003
127642001,包装设备,127508003
127612004,塑料机械,127508003
127612005,食品/饮料加工设备,127508003
127644001,机器视觉,127508003
127612006,环境污染防治设备,127508003
127662001,汽修设备,127508003
127662002,美发店设备/理发设备,127508003
127652003,美容店设备,127508003
127676003,其他机械设备,127508003
127682004,通信传输设备,127508003
127696003,节能设备,127508003
127668006,LED生产及检测设备,127508003
127666008,孵化器/孵化设备,127508003
127678004,模具加工设备,127508003
127684008,涂装设备,127508003
127674006,加油站设备,127508003
127670007,制药设备,127508003
127676004,电影放映设备,127508003
127682005,印刷设备,127508003
127696004,口腔科设备,127508003
127660006,橡胶设备,127508003
127652014,矿山专用设备,127508003
127660007,造纸/纸加工设备,127508003
127684009,雷达/无线电/导航设备,127508003
127680011,生物识别技术设备,127508003
127678005,广播电视传媒设备,127508003
127696005,电子产品制造设备,127508003
127680012,粉碎机,127508003
127664007,化工设备,127508003
127662007,工业加湿器,127508003
127680013,消毒灭菌设备,127508003
127682006,空气净化设备,127508003
127676005,冶炼设备,127508003
127672007,自动售票机/售卡机/取票机,127508003
127660008,交通控制管理设备,127508003
127690008,试验机,127508003
127680014,空分设备,127508003
127680015,干燥机/干燥箱/烘干机,127508003
127656009,工程/建筑机械,127508003
127696006,过滤设备,127508003
127676006,制鞋机械,127508003
127684010,机床,127508003
127654009,干洗机/洗衣店专用设备,127508003
127668007,防雷电设备,127508003
127690009,制冷设备,127508003
127692005,压缩机,127508003
127662008,锅炉,127508003
127680017,农业机械/园林设备/畜牧设备,127508003
127682048,乳品设备,127508003
127674043,茶叶设备,127508003
127756003,研磨机,127508003
127758006,砂磨机,127508003
127752004,破碎机,127508003
127602003,起重搬运设备,127458007
127628003,输送机械,127458007
127638003,专用车辆,127458007
127610002,存储设备,127458007
127628004,吊具/索具,127458007
127632002,登高设施,127458007
127598002,停车场设备设施,127458007
127652019,工业门,127458007
127688013,立体仓库设备,127458007
127656013,地磅/工业衡器,127458007
127620002,纺织原料,127442006
127620003,纺织辅料,127442006
127602002,纺织机械,127442006
127652002,坯布,127442006
127658001,纱线,127442006
127694014,篷布,127442006
127656023,服装加工设备,127442006
127688025,面料/布类,127442006
127654021,土工布,127442006
127628005,钢材,127450004
127616006,不锈钢,127450004
127644002,铝材,127450004
127680009,金属加工件/五金加工件,127450004
127688003,金属丝/绳/缆,127450004
127680010,金属结构件,127450004
127662006,有色金属,127450004
127656008,金属粉末,127450004
127694004,稀土,127450004
127678003,铜材,127450004
127668005,丝网/金属网,127450004
127652012,硬质合金,127450004
127654008,金属盒/箱/柜,127450004
127652013,金属罐/桶/瓶,127450004
127672006,其他金属制品,127450004
127608004,塑料原料/塑料粒子,127452002
127632001,塑料容器,127452002
127634001,塑料制品,127452002
127612003,橡胶制品,127452002
127624002,绝缘材料,127452002
127616004,非金属材料及制品,127452002
127682019,亚克力/有机玻璃,127452002
127662018,塑钢型材/PVC型材,127452002
127672015,橡胶,127452002
125036009,解决方案,127588002
124984003,intl-marketplace,127588002
122096005,软件市场,127588002
126464002,物联网,127588002
121576001,服务市场,127588002
121576002,建站市场,127588002
121582001,网站模版,127588002
125022004,企业应用,127588002
125266001,API市场,127588002
124876004,云安全市场,127588002
125236008,阿里邮箱市场,127588002
126764002,数据智能,127588002
127884009,女装/女士精品,127878006
200550002,酒水乳饮,127882008
200588001,休闲零食,127882008
200590001,生鲜水果,127882008
200584002,粮油副食,127882008
200592001,其他,127882008
200576002,家庭清洁,127882008
200546002,美妆个护,127882008
200604001,进口零食,127882008
